titleId,ordering,title,region,language,types,attributes,isOriginalTitle
tt0028478,10,Los muertos andan,ES,\N,imdbDisplay,\N,0
tt0028478,11,Der wandernde Tod,AT,\N,imdbDisplay,\N,0
tt0028478,12,A mis verdugos castigué,MX,\N,imdbDisplay,\N,0
tt0028478,13,The Walking Dead,CA,en,imdbDisplay,\N,0
tt0028478,14,Разгуливая мертвым,SUHH,ru,imdbDisplay,\N,0
tt0028478,15,O Morto Ambulante,BR,\N,imdbDisplay,\N,0
tt0028478,16,Periplanomenos nekros,GR,\N,imdbDisplay,\N,0
tt0028478,17,The Walking Dead,\N,\N,original,\N,1
tt0028478,18,歩く死骸,JP,ja,imdbDisplay,\N,0
tt0028478,19,The Walking Dead,IN,en,imdbDisplay,\N,0
tt0028478,1,Der wandelnde Leichnam,XWG,\N,imdbDisplay,\N,0
tt0028478,20,Zemsta Johna Ellmana,PL,\N,imdbDisplay,\N,0
tt0028478,21,O Morto que Voltou à Vida,PT,\N,imdbDisplay,\N,0
tt0028478,22,The Walking Dead,AU,\N,imdbDisplay,\N,0
tt0028478,2,Den levande döde,SE,\N,imdbDisplay,\N,0
tt0028478,3,The Walking Dead,GB,\N,imdbDisplay,\N,0
tt0028478,4,Le mort qui marche,FR,\N,imdbDisplay,\N,0
tt0028478,5,Die Rache des Toten,XWG,\N,tv,\N,0
tt0028478,6,Halvajáró,HU,\N,imdbDisplay,\N,0
tt0028478,7,The Walking Dead,US,\N,imdbDisplay,\N,0
tt0028478,8,Den døde vender tilbage,DK,\N,imdbDisplay,\N,0
tt0028478,9,L'ombra che cammina,IT,\N,imdbDisplay,\N,0
tt0073174,10,Hitler's Gold,US,\N,tv,\N,0
tt0073174,11,Zlatá lest,CSHH,\N,imdbDisplay,\N,0
tt0073174,12,L'enlèvement,CA,fr,\N,complete title,0
tt0073174,13,Inside Out,ZA,en,imdbDisplay,\N,0
tt0073174,14,Inside Out,NZ,en,imdbDisplay,\N,0
tt0073174,15,Miljoonakaappaus,FI,\N,\N,\N,0
tt0073174,16,Inside Out,JP,en,imdbDisplay,\N,0
tt0073174,17,Skarb Hitlera,PL,\N,imdbDisplay,\N,0
tt0073174,18,Berlín 1976,ES,\N,imdbDisplay,\N,0
tt0073174,19,Aranyszöktetés,HU,\N,imdbDisplay,\N,0
tt0073174,1,Epiheirisis aftoktonias,GR,\N,\N,transliterated title,0
tt0073174,20,Comando suicida,VE,\N,imdbDisplay,\N,0
tt0073174,21,Comando suicida,AR,\N,imdbDisplay,\N,0
tt0073174,22,Aurul lui Hitler,RO,\N,imdbDisplay,\N,0
tt0073174,23,Comando suicida,MX,\N,imdbDisplay,\N,0
tt0073174,24,Inside Out,US,\N,imdbDisplay,\N,0
tt0073174,25,Ein genialer Bluff,XWG,\N,tv,\N,0
tt0073174,26,Comando suicida,CL,\N,imdbDisplay,\N,0
tt0073174,27,L'Enlèvement,FR,\N,imdbDisplay,\N,0
tt0073174,28,The Golden Heist,\N,\N,\N,\N,0
tt0073174,29,Gull på hjernen,NO,\N,imdbDisplay,\N,0
tt0073174,2,Jakten på Hitlers guldskatt,SE,\N,video,\N,0
tt0073174,30,Operatiunea Sigfrid,RO,\N,imdbDisplay,\N,0
tt0073174,31,Guld på hjernen,DK,\N,imdbDisplay,\N,0
tt0073174,32,Inside Out,AU,\N,imdbDisplay,\N,0
tt0073174,33,L'enlèvement,BE,fr,imdbDisplay,\N,0
tt0073174,34,Inside Out,\N,\N,original,\N,1
tt0073174,35,Inside Out,CA,en,imdbDisplay,\N,0
tt0073174,36,Επιχείρησης αυτοκτονίας,GR,\N,imdbDisplay,\N,0
tt0073174,37,Guld för Hitler,SE,\N,\N,\N,0
tt0073174,3,Comando suicida,CO,\N,imdbDisplay,\N,0
tt0073174,4,Golpe em Berlim,PT,\N,imdbDisplay,\N,0
tt0073174,5,Inside Out,IE,en,imdbDisplay,\N,0
tt0073174,6,Hitler's Gold,\N,\N,\N,\N,0
tt0073174,7,Operazione Siegfried,IT,\N,\N,\N,0
tt0073174,8,怪盗軍団,JP,ja,imdbDisplay,\N,0
tt0073174,9,Inside Out,GB,\N,imdbDisplay,\N,0
tt0092359,10,La fête à la maison,FR,\N,\N,\N,0
tt0092359,11,Polna hiša,SI,\N,imdbDisplay,\N,0
tt0092359,12,Tres por tres,VE,\N,\N,\N,0
tt0092359,13,Pilna māja,LV,\N,imdbDisplay,\N,0
tt0092359,14,Full House,CA,fr,imdbDisplay,\N,0
tt0092359,15,Full House,ID,en,imdbDisplay,\N,0
tt0092359,16,Full House,NL,\N,imdbDisplay,\N,0
tt0092359,17,Tres por tres,PE,\N,imdbDisplay,\N,0
tt0092359,18,Full House,PH,en,imdbDisplay,\N,0
tt0092359,19,Full House,XWG,\N,imdbDisplay,\N,0
tt0092359,1,Full House,IN,hi,imdbDisplay,\N,0
tt0092359,20,Puna kuća,HR,\N,imdbDisplay,\N,0
tt0092359,21,Tres por tres,AR,\N,\N,\N,0
tt0092359,22,Under samme tak,NO,\N,\N,\N,0
tt0092359,23,Full House,GB,\N,imdbDisplay,\N,0
tt0092359,24,Tres por Tres,MX,\N,imdbDisplay,\N,0
tt0092359,25,Tres por tres,EC,\N,\N,reissue title,0
tt0092359,26,Padri in prestito,IT,\N,alternative,\N,0
tt0092359,27,FullHouse,US,\N,\N,alternative spelling,0
tt0092359,28,Gli amici di papà,IT,\N,imdbDisplay,\N,0
tt0092359,29,Full House,AU,\N,imdbDisplay,\N,0
tt0092359,2,Полный дом,SUHH,ru,imdbDisplay,\N,0
tt0092359,30,Bír-lak,HU,\N,\N,\N,0
tt0092359,31,Que Família!,PT,\N,imdbDisplay,\N,0
tt0092359,32,Пуна кућа,RS,\N,imdbDisplay,\N,0
tt0092359,33,Full House,\N,\N,original,\N,1
tt0092359,34,Full House,IN,en,imdbDisplay,\N,0
tt0092359,35,Full House,CA,en,imdbDisplay,\N,0
tt0092359,36,Pełna chata,PL,\N,imdbDisplay,\N,0
tt0092359,37,Τρελή Οικογένεια,GR,\N,imdbDisplay,\N,0
tt0092359,38,Full House,AE,\N,imdbDisplay,\N,0
tt0092359,39,Пълна къща,BG,bg,imdbDisplay,\N,0
tt0092359,3,Padres forzosos,ES,\N,imdbDisplay,\N,0
tt0092359,40,Full House,US,\N,\N,\N,0
tt0092359,41,Três É Demais,BR,\N,\N,\N,0
tt0092359,42,Full House,DE,\N,imdbDisplay,\N,0
tt0092359,43,Casa plina,RO,\N,imdbDisplay,\N,0
tt0092359,44,Full House,SG,en,imdbDisplay,\N,0
tt0092359,45,Bizim Ev,TR,tr,imdbDisplay,\N,0
tt0092359,4,House of Comics,US,\N,working,\N,0
tt0092359,5,Un Hogar Casi Perfecto,EC,\N,alternative,\N,0
tt0092359,6,Hænderne fulde,DK,\N,\N,\N,0
tt0092359,7,フルハウス,JP,ja,imdbDisplay,\N,0
tt0092359,8,Huset fullt,SE,\N,imdbDisplay,\N,0
tt0092359,9,Lastega Kodus,EE,\N,\N,original subtitled version,0
tt0096283,10,Vecinul meu Totoro,RO,\N,imdbDisplay,\N,0
tt0096283,11,龍貓,TW,\N,imdbDisplay,\N,0
tt0096283,12,Mein Nachbar Totoro,CH,de,imdbDisplay,\N,0
tt0096283,13,My Neighbor Totoro,XWW,en,imdbDisplay,\N,0
tt0096283,14,Yi-ut-jip Totoro,KR,\N,alternative,\N,0
tt0096283,15,Min granne Totoro,FI,sv,imdbDisplay,\N,0
tt0096283,16,Komşum Totoro,TR,tr,imdbDisplay,\N,0
tt0096283,17,Můj soused Totoro,CZ,\N,imdbDisplay,\N,0
tt0096283,18,Moj susjed Totoro,HR,\N,imdbDisplay,\N,0
tt0096283,19,Totoro - A varázserdő titka,HU,\N,imdbDisplay,\N,0
tt0096283,1,My Neighbor Totoro,AU,\N,imdbDisplay,\N,0
tt0096283,20,Mein Nachbar Totoro,DE,\N,imdbDisplay,\N,0
tt0096283,21,Min nabo Totoro,DK,\N,imdbDisplay,\N,0
tt0096283,22,Totoro,PT,\N,alternative,\N,0
tt0096283,23,Min nabo Totoro,NO,\N,\N,\N,0
tt0096283,24,Il mio vicino Totoro,IT,\N,\N,\N,0
tt0096283,25,Η γειτονιά του δάσους: Οι περιπέτειες του Τοτόρο,GR,\N,imdbDisplay,\N,0
tt0096283,26,My Neighbour Totoro,IE,en,imdbDisplay,\N,0
tt0096283,27,Môj sused Totoro,SK,\N,imdbDisplay,\N,0
tt0096283,28,Magiska äventyr med Totoro,SE,\N,tv,\N,0
tt0096283,29,Jaaduee Dost Totoro,IN,hi,\N,literal title,0
tt0096283,2,My Neighbor Totoro,NZ,en,imdbDisplay,\N,0
tt0096283,30,My Neighbour Totoro,GB,\N,\N,\N,0
tt0096283,31,Mi vecino Totoro,PE,\N,imdbDisplay,\N,0
tt0096283,32,My Neighbor Totoro,CA,en,imdbDisplay,\N,0
tt0096283,33,Magic Friend Totoro,IN,en,\N,literal English title,0
tt0096283,34,El meu veí Totoro,ES,ca,imdbDisplay,\N,0
tt0096283,35,My Neighbour Totoro,IN,en,imdbDisplay,\N,0
tt0096283,36,Mi vecino Totoro,MX,\N,imdbDisplay,\N,0
tt0096283,37,Mi vecino Totoro,CL,\N,imdbDisplay,\N,0
tt0096283,38,My Neighbor Totoro,US,\N,\N,\N,0
tt0096283,39,Naapurini Totoro,FI,\N,imdbDisplay,\N,0
tt0096283,3,Näkymätön ystävä,FI,\N,tv,\N,0
tt0096283,40,Mi vecino Totoro,XWW,es,imdbDisplay,\N,0
tt0096283,41,Mon voisin Totoro,FR,\N,\N,\N,0
tt0096283,42,Tonari No Totoro,IN,bn,imdbDisplay,\N,0
tt0096283,43,Mon voisin Totoro,CH,fr,imdbDisplay,\N,0
tt0096283,44,Hàng Xóm Của Tôi Là Totoro,VN,\N,imdbDisplay,\N,0
tt0096283,45,Мој комшија Тоторо,RS,\N,imdbDisplay,\N,0
tt0096283,46,龙猫,CN,cmn,imdbDisplay,\N,0
tt0096283,47,Min granne Totoro,SE,\N,\N,\N,0
tt0096283,48,Meu Amigo Totoro,BR,\N,\N,\N,0
tt0096283,49,My Neighbour Totoro,IN,hi,imdbDisplay,\N,0
tt0096283,4,Minu naaber Totoro,EE,\N,imdbDisplay,\N,0
tt0096283,50,Mano kaimynas Totoro,LT,\N,imdbDisplay,\N,0
tt0096283,51,Mi vecino Totoro,ES,\N,imdbDisplay,\N,0
tt0096283,52,Mój sąsiad Totoro,PL,\N,dvd,\N,0
tt0096283,53,Mi vecino Totoro,CO,\N,imdbDisplay,\N,0
tt0096283,54,Моят съсед Тоторо,BG,bg,imdbDisplay,\N,0
tt0096283,55,Tonari no Totoro,CA,fr,imdbDisplay,\N,0
tt0096283,56,となりのトトロ,JP,ja,imdbDisplay,\N,0
tt0096283,57,Мой сосед Тоторо,RU,\N,imdbDisplay,\N,0
tt0096283,58,O Meu Vizinho Totoro,PT,\N,\N,\N,0
tt0096283,5,"Szomszédom, Totoro",HU,\N,\N,literal title,0
tt0096283,6,Мій сусід Тоторо,UA,\N,imdbDisplay,\N,0
tt0096283,7,Tonari no Totoro,\N,\N,original,\N,1
tt0096283,8,Mi vecino Totoro,AR,\N,\N,\N,0
tt0096283,9,Qo'shnim Totoro,UZ,\N,imdbDisplay,\N,0
tt0098800,10,Fresh Prince i Bel-Air,SE,\N,imdbDisplay,\N,0
tt0098800,11,The Fresh Prince of Bel-Air,CA,fr,imdbDisplay,\N,0
tt0098800,12,Rap fyr i L.A.,DK,\N,\N,\N,0
tt0098800,13,Ο πρίγκιπας του Μπελ Αιρ,GR,\N,imdbDisplay,\N,0
tt0098800,14,The Fresh Prince of Bel-Air,ID,en,imdbDisplay,\N,0
tt0098800,15,Принц из Бел Ера,RS,\N,imdbDisplay,\N,0
tt0098800,16,Princ iz Bel-Aira,HR,\N,imdbDisplay,\N,0
tt0098800,17,Ha Nasih Ha Madlik Mi Bel-Air,IL,he,imdbDisplay,\N,0
tt0098800,18,The Fresh Prince of Bel-Air,IN,en,imdbDisplay,\N,0
tt0098800,19,Bajer z Bel-Air,PL,\N,imdbDisplay,\N,0
tt0098800,1,Printul din Bel Air,RO,\N,imdbDisplay,\N,0
tt0098800,20,Fresh Prince i Bel-Air,NO,\N,imdbDisplay,\N,0
tt0098800,21,El príncipe del rap en Bel-Air,CL,\N,imdbDisplay,\N,0
tt0098800,22,The Fresh Prince of Bel-Air,AU,\N,imdbDisplay,\N,0
tt0098800,23,Novopeceni princ iz Bel-Aira,SI,\N,alternative,\N,0
tt0098800,24,Um Maluco no Pedaço,BR,\N,\N,\N,0
tt0098800,25,Bel Airin prinssi,FI,\N,\N,\N,0
tt0098800,26,O Príncipe de Bel-Air,PT,\N,imdbDisplay,\N,0
tt0098800,27,Der Prinz von Bel-Air,XWG,\N,\N,\N,0
tt0098800,28,Le prince de Bel-Air,FR,\N,\N,\N,0
tt0098800,29,O príncipe de Bel-Air,ES,gl,\N,\N,0
tt0098800,2,ベルエアのフレッシュプリンス,JP,ja,imdbDisplay,\N,0
tt0098800,30,The Fresh Prince of Bel-Air,SG,en,imdbDisplay,\N,0
tt0098800,31,El príncipe de Bel-Air,ES,\N,imdbDisplay,\N,0
tt0098800,32,The Fresh Prince of Bel-Air,GB,\N,imdbDisplay,\N,0
tt0098800,33,El príncep de Bel-Air,ES,ca,\N,\N,0
tt0098800,34,The Fresh Prince of Bel-Air,US,\N,imdbDisplay,\N,0
tt0098800,35,El príncipe del rap,AR,\N,\N,\N,0
tt0098800,36,The Fresh Prince of Bel-Air,AE,\N,imdbDisplay,\N,0
tt0098800,37,El príncipe del rap,PE,\N,imdbDisplay,\N,0
tt0098800,38,Princ z Bel-Aira,SI,\N,imdbDisplay,\N,0
tt0098800,39,Der Prinz von Bel-Air,DE,\N,imdbDisplay,\N,0
tt0098800,3,O prigipas tou Bel-Air,GR,\N,imdbDisplay,\N,0
tt0098800,40,Принц из Беверли-Хиллз,SUHH,ru,imdbDisplay,\N,0
tt0098800,41,The Fresh Prince of Bel-Air,TR,tr,imdbDisplay,\N,0
tt0098800,42,The Fresh Prince of Bel-Air,CA,en,imdbDisplay,\N,0
tt0098800,43,新鮮王子妙事多,TW,\N,imdbDisplay,\N,0
tt0098800,44,The Fresh Prince of Bel-Air,\N,\N,original,\N,1
tt0098800,45,Kaliforniába jöttem,HU,\N,\N,\N,0
tt0098800,4,The Fresh Prince of Bel-Air,IN,hi,imdbDisplay,\N,0
tt0098800,5,"Willy, il principe di Bel Air",IT,\N,\N,\N,0
tt0098800,6,Принц із Беверлі-Хіллз,UA,\N,imdbDisplay,\N,0
tt0098800,7,Fresh Prince,CZ,\N,imdbDisplay,\N,0
tt0098800,8,El príncipe del rap en Bel Air,MX,\N,imdbDisplay,\N,0
tt0098800,9,The Fresh Prince of Bel-Air,PH,en,imdbDisplay,\N,0
tt0206501,10,Nova,CA,en,imdbDisplay,\N,0
tt0206501,11,Aux origines de l'humanité,FR,\N,imdbDisplay,\N,0
tt0206501,12,Новая звезда,SUHH,ru,imdbDisplay,\N,0
tt0206501,13,Nova,GB,\N,imdbDisplay,\N,0
tt0206501,14,Nova,US,\N,imdbDisplay,\N,0
tt0206501,1,Nova,AU,\N,imdbDisplay,\N,0
tt0206501,2,Nova,IT,\N,imdbDisplay,\N,0
tt0206501,3,Nova,\N,\N,original,\N,1
tt0206501,4,Nova,IN,en,imdbDisplay,\N,0
tt0206501,5,Nova,PH,en,imdbDisplay,\N,0
tt0206501,6,Nova,DE,\N,imdbDisplay,\N,0
tt0206501,7,Nova,CA,fr,imdbDisplay,\N,0
tt0206501,8,ノヴァ・テレビシリーズ,JP,ja,imdbDisplay,\N,0
tt0206501,9,Nova,AE,\N,imdbDisplay,\N,0
tt0206512,10,Spužva Bob Skockani,HR,\N,imdbDisplay,\N,0
tt0206512,11,SpongeBob SquarePants,AU,\N,imdbDisplay,\N,0
tt0206512,12,Bob l'éponge,FR,\N,imdbDisplay,\N,0
tt0206512,13,Kempiniukas Plačiakelnis,LT,\N,imdbDisplay,\N,0
tt0206512,14,SpongeBob SquarePants,\N,\N,original,\N,1
tt0206512,15,SpongeBob Pantaloni Patrati,RO,\N,imdbDisplay,\N,0
tt0206512,16,Paavo Pesusieni,FI,\N,\N,\N,0
tt0206512,17,SpongeBob SquarePants,ID,en,imdbDisplay,\N,0
tt0206512,18,スポンジボブ・スクエアパンツ,JP,ja,alternative,\N,0
tt0206512,19,Bob Esponja,BR,\N,\N,short title,0
tt0206512,1,Sünger Bob Kare Şort,TR,tr,imdbDisplay,\N,0
tt0206512,20,Μπομπ Σφουγγαράκης,GR,\N,imdbDisplay,\N,0
tt0206512,21,Губка Боб Квадратні Штани,UA,\N,imdbDisplay,\N,0
tt0206512,22,SpongeBob SquarePants,IN,hi,imdbDisplay,\N,0
tt0206512,23,Bob l'éponge,CA,fr,\N,\N,0
tt0206512,24,Bob Esponja,MX,\N,imdbDisplay,\N,0
tt0206512,25,Spongebob v kalhotách,CZ,\N,imdbDisplay,\N,0
tt0206512,26,Sponge Bob,JP,\N,\N,\N,0
tt0206512,27,Svampebob Firkant,NO,\N,\N,dubbed version,0
tt0206512,28,SpongeBob Schwammkopf,DE,\N,\N,\N,0
tt0206512,29,Bobsfog Michnasmeruba,IL,he,\N,literal title,0
tt0206512,2,SpongeBob SquarePants,IT,\N,imdbDisplay,\N,0
tt0206512,30,SpongeBob SquarePants,CA,en,imdbDisplay,\N,0
tt0206512,31,SpongeBob SquarePants,AE,\N,imdbDisplay,\N,0
tt0206512,32,SfungjeriBob PantallonaKatrori,AL,\N,\N,first season title,0
tt0206512,33,Spongeboy Squarepants,US,\N,working,\N,0
tt0206512,34,Chú bọt biển tinh nghịch,VN,\N,imdbDisplay,\N,0
tt0206512,35,Sūklis Bobs Kvadrātbiksis,LV,\N,imdbDisplay,\N,0
tt0206512,36,Сунђер Боб Коцкалоне,RS,\N,imdbDisplay,\N,0
tt0206512,37,SpongeBob v šortkách,SK,\N,imdbDisplay,\N,0
tt0206512,38,Губка Боб квадратные штаны,RU,\N,imdbDisplay,\N,0
tt0206512,39,SpongeBob Kanciastoporty,PL,\N,imdbDisplay,\N,0
tt0206512,3,Spongyabob Kockanadrág,HU,\N,\N,\N,0
tt0206512,40,SpongeBob SquarePants,IN,en,imdbDisplay,\N,0
tt0206512,41,海綿寶寶,TW,\N,imdbDisplay,\N,0
tt0206512,42,Спондж Боб Квадратни гащи,BG,bg,imdbDisplay,\N,0
tt0206512,43,SvampBob Fyrkant,SE,\N,imdbDisplay,\N,0
tt0206512,44,SpongeBob Squarepants,US,\N,\N,alternative spelling,0
tt0206512,45,Spongeboy at Home,US,\N,working,\N,0
tt0206512,46,海绵宝宝,CN,cmn,\N,complete title,0
tt0206512,47,Un Bob à la mer,FR,\N,\N,review title,0
tt0206512,48,SpongeBob SquarePants,PT,\N,imdbDisplay,\N,0
tt0206512,49,Bob Esponja,AR,\N,\N,\N,0
tt0206512,4,Bob o Sfougarakis,GR,\N,\N,transliterated title,0
tt0206512,50,SpongeBob SquarePants,PH,en,imdbDisplay,\N,0
tt0206512,51,SpongeBob SquarePants,GB,\N,imdbDisplay,\N,0
tt0206512,52,Bob Esponja Calça Quadrada,BR,\N,imdbDisplay,\N,0
tt0206512,53,BobSfungjeri Pantallona-katrori,AL,\N,\N,eighth season title,0
tt0206512,54,Svampebob Firkant,DK,\N,\N,\N,0
tt0206512,55,Sponge Bob Square Pants,US,\N,\N,alternative spelling,0
tt0206512,5,SpongeBob SquarePants,US,\N,imdbDisplay,\N,0
tt0206512,6,Bob Esponja,ES,\N,imdbDisplay,\N,0
tt0206512,7,Спанч Боб Шаршы Шалбар,KZ,\N,imdbDisplay,\N,0
tt0206512,8,スポンジ・ボブ,JP,ja,imdbDisplay,\N,0
tt0206512,9,SpongeBob,US,\N,\N,short title,0
tt0230011,10,Atlantyda - zaginiony ląd,PL,\N,imdbDisplay,\N,0
tt0230011,11,Atlântida - O Continente Perdido,PT,\N,\N,\N,0
tt0230011,12,Atlantis: O Reino Perdido,BR,\N,imdbDisplay,\N,0
tt0230011,13,Atlantis: En forsvunnet verden,NO,\N,imdbDisplay,\N,0
tt0230011,14,Atlantis,AR,\N,\N,\N,0
tt0230011,15,Atlantis: L'empire perdu,CA,fr,imdbDisplay,\N,0
tt0230011,16,Atlantis: The Lost Empire,CA,en,imdbDisplay,\N,0
tt0230011,17,Atlantis - den försvunna staden,FI,sv,imdbDisplay,\N,0
tt0230011,18,Atlantisz: Az elveszett birodalom,HU,\N,imdbDisplay,\N,0
tt0230011,19,"Atlantide, l'empire perdu",FR,\N,\N,\N,0
tt0230011,1,亚特兰蒂斯：失落的帝国,CN,cmn,imdbDisplay,\N,0
tt0230011,20,Atlantis - en försvunnen värld,FI,sv,tv,\N,0
tt0230011,21,Atlantis: Kadunud kuningriik,EE,\N,imdbDisplay,\N,0
tt0230011,22,Atlantis: De verzonken stad,BE,qbn,\N,\N,0
tt0230011,23,Atlantis: The Lost Empire,AU,\N,imdbDisplay,\N,0
tt0230011,24,Atlantis: The Lost Empire,IN,hi,imdbDisplay,\N,0
tt0230011,25,Atlantis - kadonnut kaupunki,FI,\N,imdbDisplay,\N,0
tt0230011,26,Atlantis: The Lost Empire,\N,\N,original,\N,1
tt0230011,27,Atlantis: El imperio perdido,AR,\N,\N,\N,0
tt0230011,28,Atlantida: Izgubljeno carstvo,HR,\N,imdbDisplay,\N,0
tt0230011,29,Atlantida: Imperiul dispărut,RO,\N,imdbDisplay,\N,0
tt0230011,2,"Atlantis, l'imperi perdut",ES,ca,\N,\N,0
tt0230011,30,Atlantis: De verzonken stad,NL,\N,\N,dubbed version,0
tt0230011,31,アトランティス 失われた帝国,JP,ja,imdbDisplay,\N,0
tt0230011,32,Η χαμένη Ατλαντίδα,GR,\N,imdbDisplay,\N,0
tt0230011,33,亞特蘭提斯：失落的帝國,TW,\N,imdbDisplay,\N,0
tt0230011,34,Atlantis: Kayıp İmparatorluk,TR,tr,imdbDisplay,\N,0
tt0230011,35,Atlantis: El imperio perdido,CO,\N,\N,\N,0
tt0230011,36,Atlantis: El imperio perdido,ES,\N,imdbDisplay,\N,0
tt0230011,37,Атлантида - изгубљено царство,RS,\N,imdbDisplay,\N,0
tt0230011,38,Atlantída: Stratená ríša,SK,\N,imdbDisplay,\N,0
tt0230011,39,Atlantis: El imperio perdido,CL,\N,\N,\N,0
tt0230011,3,迷失帝國：阿特蘭蒂斯,HK,yue,imdbDisplay,\N,0
tt0230011,40,Atlantis - En försvunnen värld,SE,\N,imdbDisplay,\N,0
tt0230011,41,Atlantis: El imperio perdido,MX,\N,\N,\N,0
tt0230011,42,Atlantis: Đế Chế Thất Lạc,VN,\N,imdbDisplay,\N,0
tt0230011,43,Атлантида: Изгубената империя,BG,bg,imdbDisplay,\N,0
tt0230011,44,Атлантида: Загублена імперія,UA,\N,imdbDisplay,\N,0
tt0230011,45,Atlantis: El imperio perdido,PE,\N,\N,\N,0
tt0230011,46,Atlantis: The Lost Empire,GB,\N,imdbDisplay,\N,0
tt0230011,47,Atlantis,US,\N,working,\N,0
tt0230011,48,Atlantida. Prarastoji imperija,LT,\N,imdbDisplay,\N,0
tt0230011,49,Atlantis - L'impero perduto,IT,\N,imdbDisplay,\N,0
tt0230011,4,Atlantis - Det forsvundne rige,DK,\N,\N,\N,0
tt0230011,50,Atlantis - Das Geheimnis der verlorenen Stadt,DE,\N,\N,\N,0
tt0230011,51,Atlantis: Mbreteria e humbur,AL,\N,imdbDisplay,\N,0
tt0230011,5,Atlantida: Izgubljeno cesarstvo,SI,\N,imdbDisplay,\N,0
tt0230011,6,Атлантида: Затерянный мир,RU,\N,imdbDisplay,\N,0
tt0230011,7,Atlantis: The Lost Empire,US,\N,\N,new title,0
tt0230011,8,Atlantida: Tajemná říše,CZ,\N,imdbDisplay,\N,0
tt0230011,9,Atlantis: de verzonken stad,NL,nl,imdbDisplay,\N,0
tt0245429,10,Отнесена от духовете,BG,bg,imdbDisplay,\N,0
tt0245429,11,El viaje de Chihiro,EC,\N,imdbDisplay,\N,0
tt0245429,12,Sen to Chihiro No Kamikakushi,IN,en,alternative,\N,0
tt0245429,13,千与千寻,CN,cmn,imdbDisplay,\N,0
tt0245429,14,Віднесені привидами,UA,\N,imdbDisplay,\N,0
tt0245429,15,Vaimudest viidud,EE,\N,imdbDisplay,\N,0
tt0245429,16,Sen to Chihiro no kamikakushi,\N,\N,original,\N,1
tt0245429,17,Sen-gwa Chihiro-ui Haeng-Bang-Bulmyeong,KR,\N,alternative,\N,0
tt0245429,18,Spirited Away,SE,\N,imdbDisplay,\N,0
tt0245429,19,Chihiroren bidaia,ES,eu,\N,\N,0
tt0245429,1,El viaje de Chihiro,ES,\N,imdbDisplay,\N,0
tt0245429,20,A Viagem de Chihiro,PT,\N,imdbDisplay,\N,0
tt0245429,21,Ruhlarda qolgan hislarim,UZ,\N,imdbDisplay,\N,0
tt0245429,22,El viaje de Chihiro,CO,\N,imdbDisplay,\N,0
tt0245429,23,Cesta do fantazie,CZ,\N,imdbDisplay,\N,0
tt0245429,24,El viaje de Chihiro,AR,\N,imdbDisplay,\N,0
tt0245429,25,Shahre Ashbah,IR,fa,festival,\N,0
tt0245429,26,El viatge de Chihiro,ES,ca,imdbDisplay,\N,0
tt0245429,27,Cesta do fantázie,SK,\N,imdbDisplay,\N,0
tt0245429,28,Chihiro szellemországban,HU,\N,imdbDisplay,\N,0
tt0245429,29,Chihiros Reise ins Zauberland,DE,\N,imdbDisplay,\N,0
tt0245429,2,Miyazaki's Spirited Away,US,\N,\N,poster title,0
tt0245429,30,Spirited Away,CA,en,imdbDisplay,\N,0
tt0245429,31,Sen to Chihiro no kamikakushi,PH,en,imdbDisplay,\N,0
tt0245429,32,Spirited Away: W krainie bogów,PL,\N,imdbDisplay,\N,0
tt0245429,33,Ruhların Kaçışı,TR,tr,imdbDisplay,\N,0
tt0245429,34,千與千尋,HK,yue,imdbDisplay,\N,0
tt0245429,35,Gömd av andar,FI,sv,imdbDisplay,\N,0
tt0245429,36,Spirited Away,AU,\N,imdbDisplay,\N,0
tt0245429,37,Spirited Away,MY,en,imdbDisplay,\N,0
tt0245429,38,Chihiros Reise ins Zauberland,AT,\N,imdbDisplay,\N,0
tt0245429,39,Le voyage de Chihiro,CA,fr,alternative,\N,0
tt0245429,3,Унесённые призраками,RU,\N,imdbDisplay,\N,0
tt0245429,40,The Spiriting Away of Sen and Chihiro,\N,\N,\N,informal literal English title,0
tt0245429,41,Spirited Away,IN,hi,imdbDisplay,\N,0
tt0245429,42,स्पिरिटेड अवे,IN,hi,\N,transliterated title,0
tt0245429,43,Vùng Đất Linh Hồn,VN,\N,imdbDisplay,\N,0
tt0245429,44,Le voyage de Chihiro,FR,\N,imdbDisplay,\N,0
tt0245429,45,Sen,JP,\N,\N,informal short title,0
tt0245429,46,Le voyage de Chihiro,CH,fr,imdbDisplay,\N,0
tt0245429,47,Spirited Away,US,\N,imdbDisplay,\N,0
tt0245429,48,Henkien kätkemä,FI,\N,imdbDisplay,\N,0
tt0245429,49,神隱少女,TW,\N,imdbDisplay,\N,0
tt0245429,4,De reis van Chihiro,NL,nl,alternative,\N,0
tt0245429,50,Spirited Away,IN,en,imdbDisplay,\N,0
tt0245429,51,The Wonderful Journey,IL,en,imdbDisplay,\N,0
tt0245429,52,Chihiros Reise ins Zauberland,CH,de,imdbDisplay,\N,0
tt0245429,53,Spirited Away,XWW,en,imdbDisplay,\N,0
tt0245429,54,Avanture male Chihiro,HR,\N,imdbDisplay,\N,0
tt0245429,55,Ruhlarin Qaçisi,AZ,\N,imdbDisplay,\N,0
tt0245429,56,千と千尋の神隠し,JP,ja,imdbDisplay,\N,0
tt0245429,57,Spirited Away,GB,\N,imdbDisplay,\N,0
tt0245429,58,El viaje de Chihiro,VE,\N,imdbDisplay,\N,0
tt0245429,59,Spirited Away,SG,en,imdbDisplay,\N,0
tt0245429,5,Chihiro og heksene,DK,\N,imdbDisplay,\N,0
tt0245429,60,Sen and the Mysterious Disappearance of Chihiro,\N,\N,\N,\N,0
tt0245429,61,El viaje de Chihiro,PE,\N,imdbDisplay,\N,0
tt0245429,62,Le voyage de Chihiro,BE,fr,imdbDisplay,\N,0
tt0245429,63,Spirited Away,NL,\N,imdbDisplay,\N,0
tt0245429,64,Stebuklingi Šihiros nuotykiai dvasių pasaulyje,LT,\N,imdbDisplay,\N,0
tt0245429,65,A Viagem de Chihiro,BR,\N,imdbDisplay,\N,0
tt0245429,66,Ταξίδι στη χώρα των θαυμάτων,GR,\N,imdbDisplay,\N,0
tt0245429,67,Čudežno potovanje,SI,\N,imdbDisplay,\N,0
tt0245429,68,Miti Winyan Mahatsachan,TH,th,imdbDisplay,\N,0
tt0245429,69,Sen to Chihiro no kamikakushi,CA,fr,imdbDisplay,\N,0
tt0245429,6,Spirited Away,ID,en,imdbDisplay,\N,0
tt0245429,70,Călătoria lui Chihiro,RO,\N,imdbDisplay,\N,0
tt0245429,71,El viaje de Chihiro,XWW,es,imdbDisplay,\N,0
tt0245429,72,La città incantata,IT,\N,imdbDisplay,\N,0
tt0245429,73,El viaje de Chihiro,CL,\N,imdbDisplay,\N,0
tt0245429,74,El viaje de Chihiro,MX,\N,imdbDisplay,\N,0
tt0245429,7,Spirited Away,AE,\N,imdbDisplay,\N,0
tt0245429,8,Chihiro og heksene,NO,\N,imdbDisplay,\N,0
tt0245429,9,Зачарани град,RS,\N,imdbDisplay,\N,0
tt0327597,10,Coraline,XAS,en,imdbDisplay,\N,0
tt0327597,11,Coraline,EG,en,imdbDisplay,\N,0
tt0327597,12,Коралина в стране кошмаров,RU,\N,imdbDisplay,\N,0
tt0327597,13,Coraline y la puerta secreta,AR,\N,\N,\N,0
tt0327597,14,Coraline,US,en,\N,\N,0
tt0327597,15,Coraline och spegelns hemlighet,SE,\N,\N,\N,0
tt0327597,16,Coraline,NZ,en,imdbDisplay,\N,0
tt0327597,17,第十四道門,TW,\N,imdbDisplay,\N,0
tt0327597,18,Coraline y la puerta secreta,UY,\N,\N,\N,0
tt0327597,19,Коралина,RS,\N,imdbDisplay,\N,0
tt0327597,1,Korarain to botan no majo,JP,\N,\N,\N,0
tt0327597,20,Coraline,IL,en,imdbDisplay,\N,0
tt0327597,21,Korolaina ir slaptas pasaulis,LT,\N,imdbDisplay,\N,0
tt0327597,22,Coraline,FR,\N,imdbDisplay,\N,0
tt0327597,23,Coraline,CA,fr,imdbDisplay,\N,0
tt0327597,24,Coraline,ID,en,imdbDisplay,\N,0
tt0327597,25,Coraline,AE,\N,imdbDisplay,\N,0
tt0327597,26,コララインとボタンの魔女 3D,JP,ja,imdbDisplay,\N,0
tt0327597,27,Coraline ja salajane uks,EE,\N,\N,\N,0
tt0327597,28,Coraline & the Secret Door,AU,\N,\N,promotional title,0
tt0327597,29,Coraline,RO,\N,imdbDisplay,\N,0
tt0327597,2,Coraline e a Porta Secreta,PT,\N,\N,\N,0
tt0327597,30,Coraline ja toinen todellisuus,FI,\N,imdbDisplay,\N,0
tt0327597,31,Coraline og den hemmelige dør,DK,\N,imdbDisplay,\N,0
tt0327597,32,Koralina i tajemnicze drzwi,PL,\N,\N,\N,0
tt0327597,33,Coraline,IN,hi,imdbDisplay,\N,0
tt0327597,34,Coraline,MY,en,imdbDisplay,\N,0
tt0327597,35,Coraline,FI,sv,imdbDisplay,\N,0
tt0327597,36,Coraline en de geheime deur,NL,\N,\N,dubbed version,0
tt0327597,37,Coraline,XEU,en,imdbDisplay,\N,0
tt0327597,38,Coraline,HK,en,imdbDisplay,\N,0
tt0327597,39,Coraline,\N,\N,original,\N,1
tt0327597,3,Los mundos de Coraline,ES,\N,imdbDisplay,\N,0
tt0327597,40,Coraline y la puerta secreta,MX,\N,\N,\N,0
tt0327597,41,Coraline,PK,en,imdbDisplay,\N,0
tt0327597,42,Coraline,IE,en,imdbDisplay,\N,0
tt0327597,43,Coraline,CA,en,imdbDisplay,\N,0
tt0327597,44,Coraline y la puerta secreta,PE,\N,\N,\N,0
tt0327597,45,Коралайн и тайната на огледалото,BG,bg,imdbDisplay,\N,0
tt0327597,46,Koralina i tajna ogledala,HR,\N,\N,\N,0
tt0327597,47,"Coraline, to spiti stin omihli",GR,\N,\N,transliterated title,0
tt0327597,48,Koralin ve gizli dünya,TR,tr,\N,\N,0
tt0327597,49,Coraline,XWW,en,imdbDisplay,\N,0
tt0327597,4,Coraline,US,\N,imdbDisplay,\N,0
tt0327597,50,Coraline,GB,\N,imdbDisplay,\N,0
tt0327597,51,Korelaina 3D,LV,\N,imdbDisplay,\N,0
tt0327597,52,Кораліна у світі кошмарів,UA,\N,imdbDisplay,\N,0
tt0327597,53,Coraline: Το Σπίτι στην Ομίχλη,GR,\N,imdbDisplay,\N,0
tt0327597,54,Coraline and the Button Witch,JP,\N,\N,literal English title,0
tt0327597,55,Coraline és a titkos ajtó,HU,\N,imdbDisplay,\N,0
tt0327597,56,Coraline og den hemmelige dør,NO,\N,\N,\N,0
tt0327597,57,Coraline,BD,en,imdbDisplay,\N,0
tt0327597,58,Coraline e la porta magica,IT,\N,imdbDisplay,\N,0
tt0327597,59,Coraline,IN,en,imdbDisplay,\N,0
tt0327597,5,Coraline,DE,\N,imdbDisplay,\N,0
tt0327597,60,Coraline,JP,en,imdbDisplay,\N,0
tt0327597,6,Coraline,PH,en,imdbDisplay,\N,0
tt0327597,7,Coraline e o Mundo Secreto,BR,\N,\N,\N,0
tt0327597,8,Coraline,BE,en,imdbDisplay,\N,0
tt0327597,9,Coraline,JM,en,imdbDisplay,\N,0
tt0332379,10,School of Rock,CA,en,imdbDisplay,\N,0
tt0332379,11,School of Rock,DK,\N,imdbDisplay,\N,0
tt0332379,12,School of Rock,NO,\N,imdbDisplay,\N,0
tt0332379,13,Школа рока,RU,\N,imdbDisplay,\N,0
tt0332379,14,Rock Học Trò,VN,\N,imdbDisplay,\N,0
tt0332379,15,Escola de Rock,PT,\N,imdbDisplay,\N,0
tt0332379,16,Škola rocku,SK,\N,imdbDisplay,\N,0
tt0332379,17,School of Rock,GB,\N,imdbDisplay,\N,0
tt0332379,18,Hababam Rock,TR,tr,\N,\N,0
tt0332379,19,School of Rock,JP,en,\N,\N,0
tt0332379,1,School of Rock (Escuela de rock),ES,\N,dvd,\N,0
tt0332379,20,Roka skola,LV,\N,imdbDisplay,\N,0
tt0332379,21,Beit-Sefer L'Rock,IL,he,\N,\N,0
tt0332379,22,L'école du rock,CA,fr,\N,\N,0
tt0332379,23,Rokkiv kool,EE,\N,\N,\N,0
tt0332379,24,Escuela de rock,MX,\N,imdbDisplay,\N,0
tt0332379,25,Училище за рок,BG,bg,imdbDisplay,\N,0
tt0332379,26,School of Rock,NL,\N,imdbDisplay,\N,0
tt0332379,27,Scoala de rock,RO,\N,imdbDisplay,\N,0
tt0332379,28,Escuela de rock,PE,\N,\N,\N,0
tt0332379,29,The School of Rock,AU,\N,imdbDisplay,\N,0
tt0332379,2,The School of Rock,IN,en,imdbDisplay,\N,0
tt0332379,30,Escola de Rock,BR,\N,\N,\N,0
tt0332379,31,Škola ro(c)ku,CZ,\N,imdbDisplay,\N,0
tt0332379,32,Escuela de rock,ES,\N,imdbDisplay,\N,0
tt0332379,33,搖滾教室,TW,\N,imdbDisplay,\N,0
tt0332379,34,School of Rock,US,en,\N,\N,0
tt0332379,35,Szkoła rocka,PL,\N,imdbDisplay,\N,0
tt0332379,36,Roko mokykla,LT,\N,imdbDisplay,\N,0
tt0332379,37,School of Rock,XWW,en,imdbDisplay,\N,0
tt0332379,38,School of Rock,DE,\N,\N,\N,0
tt0332379,39,School of Rock,FI,\N,tv,\N,0
tt0332379,3,Rock'n'roll škola,HR,\N,imdbDisplay,\N,0
tt0332379,40,School of Rock,US,\N,imdbDisplay,\N,0
tt0332379,41,Rok maktabi,UZ,\N,imdbDisplay,\N,0
tt0332379,42,Школа рока,RS,\N,imdbDisplay,\N,0
tt0332379,43,Rock academy,FR,\N,\N,\N,0
tt0332379,44,The School of Rock,IN,hi,imdbDisplay,\N,0
tt0332379,45,Ena sholeio poly rock,GR,\N,\N,transliterated title,0
tt0332379,46,Ένα Σχολείο Πολύ Ροκ,GR,\N,imdbDisplay,\N,0
tt0332379,47,Sola rocka,SI,\N,imdbDisplay,\N,0
tt0332379,48,School of Rock,IT,\N,imdbDisplay,\N,0
tt0332379,49,Escuela de rock,AR,\N,\N,\N,0
tt0332379,4,Escuela de Rock,ES,\N,\N,alternative spelling,0
tt0332379,50,स्कूल ऑफ रॉक,IN,hi,\N,alternative transliteration,0
tt0332379,51,Rocksuli,HU,\N,\N,\N,0
tt0332379,5,School of Rock,XEU,en,imdbDisplay,\N,0
tt0332379,6,Школа року,UA,\N,imdbDisplay,\N,0
tt0332379,7,スクール・オブ・ロック,JP,ja,imdbDisplay,\N,0
tt0332379,8,School of Rock,SE,\N,imdbDisplay,\N,0
tt0332379,9,School of Rock,\N,\N,original,\N,1
tt0337593,10,Sherlock Holmes esete a gonosszal,HU,\N,imdbDisplay,\N,0
tt0337593,11,Sherlock: la marque du diable,FR,\N,\N,dubbed version,0
tt0337593,12,Sherlock Holmes - Case of Evil,BR,\N,\N,cable TV title,0
tt0337593,13,Sherlock: Case of Evil,US,\N,dvd,\N,0
tt0337593,14,ヤング・シャーロック・ホームズ　対決×モリアーティ教授,JP,ja,imdbDisplay,\N,0
tt0337593,15,A Case of Evil,GB,\N,working,\N,0
tt0337593,16,Sherlock Holmes: El caso de los traficantes asesinos,AR,\N,\N,\N,0
tt0337593,1,Шерлок: Дело зла,RU,\N,imdbDisplay,\N,0
tt0337593,2,Sherlock,GB,\N,\N,\N,0
tt0337593,3,"Sherlock, la marque du Diable",FR,\N,\N,review title,0
tt0337593,4,Sherlock,US,\N,imdbDisplay,\N,0
tt0337593,5,Sherlock,DE,\N,imdbDisplay,\N,0
tt0337593,6,Tanarul Sherlock Holmes,RO,\N,imdbDisplay,\N,0
tt0337593,7,Sherlock Holmes: Ördögi gyilkosok nyomában,HU,\N,alternative,\N,0
tt0337593,8,Шерлок,UA,\N,imdbDisplay,\N,0
tt0337593,9,Sherlock,\N,\N,original,\N,1
tt0808506,10,穿越時空的少女,HK,cmn,festival,\N,0
tt0808506,11,The Girl Who Leapt Through Time,GB,\N,imdbDisplay,\N,0
tt0808506,12,"Девочка, покорившая время",RU,\N,imdbDisplay,\N,0
tt0808506,13,"Mergina, keliaujanti laiku",LT,\N,imdbDisplay,\N,0
tt0808506,14,跳躍吧！時空少女,TW,\N,imdbDisplay,\N,0
tt0808506,15,The Girl Who Leapt Through Time,IN,hi,imdbDisplay,\N,0
tt0808506,16,時をかける少女,JP,ja,imdbDisplay,\N,0
tt0808506,17,La chica que saltó a través del tiempo,MX,\N,imdbDisplay,\N,0
tt0808506,18,O dziewczynie skaczącej przez czas,PL,\N,imdbDisplay,\N,0
tt0808506,19,La chica que saltaba a través del tiempo,ES,\N,imdbDisplay,\N,0
tt0808506,1,Toki o kakeru shôjo,JP,\N,imdbDisplay,\N,0
tt0808506,20,Tokikake,JP,\N,\N,short title,0
tt0808506,21,The Girl Who Leapt Through Time,XWW,en,\N,\N,0
tt0808506,22,A Garota que Conquistou o Tempo,BR,\N,imdbDisplay,\N,0
tt0808506,23,La chica que saltaba a través del tiempo,CO,\N,imdbDisplay,\N,0
tt0808506,24,La traversée du temps,FR,\N,\N,\N,0
tt0808506,25,Flickan som hoppade genom tiden,SE,\N,\N,informal literal title,0
tt0808506,26,穿越时空的少女,CN,cmn,imdbDisplay,\N,0
tt0808506,27,La ragazza che saltava nel tempo,IT,\N,imdbDisplay,\N,0
tt0808506,28,"Tüdruk, kes hüppas läbi aja",EE,\N,imdbDisplay,\N,0
tt0808506,29,"Das Mädchen, das durch die Zeit sprang",DE,\N,\N,\N,0
tt0808506,2,"Дівчинка, що стрибала крізь час",UA,\N,imdbDisplay,\N,0
tt0808506,30,Az idő fölött járó lány,HU,\N,imdbDisplay,\N,0
tt0808506,31,Zamanda Sicrayan Kiz,TR,tr,imdbDisplay,\N,0
tt0808506,32,Toki o kakeru shôjo,\N,\N,original,\N,1
tt0808506,33,A Rapariga Que Saltava Através do Tempo,PT,\N,imdbDisplay,\N,0
tt0808506,3,La chica que saltaba a través del tiempo,AR,\N,imdbDisplay,\N,0
tt0808506,4,The Girl Who Leapt Through Time,IN,en,imdbDisplay,\N,0
tt0808506,5,The Girl Who Leapt Through Time,CA,fr,imdbDisplay,\N,0
tt0808506,6,The Girl Who Leapt Through Time,US,\N,imdbDisplay,\N,0
tt0808506,7,The Girl Who Leapt Through Time,NO,\N,imdbDisplay,\N,0
tt0808506,8,Devojka koja je skakala kroz vreme,RS,\N,imdbDisplay,\N,0
tt0808506,9,Shiganeul Dalli-neun Sonyeo,KR,\N,alternative,\N,0
tt1051155,10,Les Mystères de l'Univers,FR,\N,imdbDisplay,\N,0
tt1051155,11,The Universe,GB,\N,imdbDisplay,\N,0
tt1051155,12,The Universe,CA,en,imdbDisplay,\N,0
tt1051155,13,Το σύμπαν,GR,\N,imdbDisplay,\N,0
tt1051155,14,The Universe,CA,fr,imdbDisplay,\N,0
tt1051155,15,A Világegyetem,HU,\N,imdbDisplay,\N,0
tt1051155,16,Geheimnisse des Universums,DE,\N,imdbDisplay,\N,0
tt1051155,17,The Universe,\N,\N,original,\N,1
tt1051155,18,L'Univers et ses Mystères,FR,\N,imdbDisplay,\N,0
tt1051155,19,The Universe,IN,en,imdbDisplay,\N,0
tt1051155,1,Вселената,BG,bg,imdbDisplay,\N,0
tt1051155,20,ザ・ユニバース 〜宇宙の歴史〜,JP,ja,imdbDisplay,\N,0
tt1051155,21,The Universe,MX,\N,imdbDisplay,\N,0
tt1051155,22,O Universo,BR,\N,imdbDisplay,\N,0
tt1051155,23,Вселенная,RU,\N,imdbDisplay,\N,0
tt1051155,24,Kosmos,PL,\N,imdbDisplay,\N,0
tt1051155,2,Универзум,RS,\N,imdbDisplay,\N,0
tt1051155,3,The Universe,AU,\N,imdbDisplay,\N,0
tt1051155,4,The Universe,IN,hi,imdbDisplay,\N,0
tt1051155,5,L'Univers,FR,\N,imdbDisplay,\N,0
tt1051155,6,La storia dell'universo,IT,\N,imdbDisplay,\N,0
tt1051155,7,El universo,ES,\N,imdbDisplay,\N,0
tt1051155,8,Vesmír,CZ,\N,imdbDisplay,\N,0
tt1051155,9,The Universe,US,\N,imdbDisplay,\N,0
tt1104001,10,Tron: Legacy,SE,\N,imdbDisplay,\N,0
tt1104001,11,TRON: Legacy,US,en,imdbDisplay,\N,0
tt1104001,12,TRON: Заветът IMAX,BG,bg,imdbDisplay,\N,0
tt1104001,13,TRON: O Legado,PT,\N,imdbDisplay,\N,0
tt1104001,14,Anh hùng Tron,VN,\N,imdbDisplay,\N,0
tt1104001,15,Tron: El legado,PE,\N,imdbDisplay,\N,0
tt1104001,16,TRON: Legacy,XWW,en,imdbDisplay,\N,0
tt1104001,17,TRON: Legacy,GR,\N,imdbDisplay,\N,0
tt1104001,18,Tron 2,US,\N,\N,informal title,0
tt1104001,19,Tron: Legacy,DE,\N,imdbDisplay,\N,0
tt1104001,1,Trons: Mantojums,LV,\N,imdbDisplay,\N,0
tt1104001,20,Tronas: Palikimas,LT,\N,imdbDisplay,\N,0
tt1104001,21,TR2N,US,\N,working,\N,0
tt1104001,22,TRON: Mostenirea,RO,\N,imdbDisplay,\N,0
tt1104001,23,Tron: Pärand,EE,\N,imdbDisplay,\N,0
tt1104001,24,TRON: Legacy,NL,\N,imdbDisplay,\N,0
tt1104001,25,Трон: Спадок,UA,\N,imdbDisplay,\N,0
tt1104001,26,Tron - Nasleđe,RS,\N,imdbDisplay,\N,0
tt1104001,27,Teuron: Saeroun Sijak,KR,\N,imdbDisplay,\N,0
tt1104001,28,TRON: Legacy,GB,en,imdbDisplay,\N,0
tt1104001,29,Tron - L'Héritage,BE,fr,imdbDisplay,\N,0
tt1104001,2,TRON: El legado,UY,\N,imdbDisplay,\N,0
tt1104001,30,Tron: L'héritage,CA,fr,imdbDisplay,\N,0
tt1104001,31,TRON: Legacy,ES,\N,imdbDisplay,\N,0
tt1104001,32,Tron Efsanesi,TR,tr,imdbDisplay,\N,0
tt1104001,33,Tron Legacy,AT,\N,imdbDisplay,\N,0
tt1104001,34,トロン：レガシー,JP,ja,imdbDisplay,\N,0
tt1104001,35,Tron: Örökség,HU,\N,imdbDisplay,\N,0
tt1104001,36,Трон: Наследие,RU,\N,imdbDisplay,\N,0
tt1104001,37,TRON: Legacy,US,\N,imdbDisplay,\N,0
tt1104001,38,Tron: Legacy,IT,\N,imdbDisplay,\N,0
tt1104001,39,Tron: Dědictví,CZ,\N,imdbDisplay,\N,0
tt1104001,3,創：光速戰記,TW,\N,imdbDisplay,\N,0
tt1104001,40,TRON: The Legacy,IL,en,imdbDisplay,\N,0
tt1104001,41,TRON: Legacy,CA,en,imdbDisplay,\N,0
tt1104001,42,Tron: Zapuscina,SI,\N,imdbDisplay,\N,0
tt1104001,43,Tron: O Legado,BR,\N,imdbDisplay,\N,0
tt1104001,44,TRON : L'Héritage,FR,\N,imdbDisplay,\N,0
tt1104001,45,Tron: Nasljedstvo,HR,\N,imdbDisplay,\N,0
tt1104001,46,Tron: ha'moreshet,IL,he,imdbDisplay,\N,0
tt1104001,47,Tron: El legado,AR,\N,imdbDisplay,\N,0
tt1104001,48,TRON: Legacy,IN,hi,imdbDisplay,\N,0
tt1104001,49,Troni: Memkvidreoba,GE,\N,imdbDisplay,\N,0
tt1104001,4,TRON: Заветът,BG,bg,imdbDisplay,\N,0
tt1104001,50,TRON: El legado,MX,\N,imdbDisplay,\N,0
tt1104001,51,Tron: Legacy,DK,\N,\N,complete title,0
tt1104001,52,Tron,\N,\N,original,\N,1
tt1104001,53,Tron: Perintö,FI,\N,imdbDisplay,\N,0
tt1104001,54,Tron: Dedičstvo,SK,\N,imdbDisplay,\N,0
tt1104001,5,TRON: Legacy,AU,\N,imdbDisplay,\N,0
tt1104001,6,TRON 2.0,US,\N,working,\N,0
tt1104001,7,Tron Legacy: An IMAX 3D Experience,US,\N,\N,IMAX version,0
tt1104001,8,Tron,IN,en,imdbDisplay,\N,0
tt1104001,9,Tron: Dziedzictwo,PL,\N,imdbDisplay,\N,0
tt11309924,1,Space Force,US,\N,imdbDisplay,\N,0
tt11309924,2,Space Force,\N,\N,original,\N,1
tt11958344,10,A Whisker Away,IN,en,imdbDisplay,\N,0
tt11958344,11,A Whisker Away,GR,\N,imdbDisplay,\N,0
tt11958344,12,A Whisker Away,SE,\N,imdbDisplay,\N,0
tt11958344,13,Amor de gata,ES,\N,imdbDisplay,\N,0
tt11958344,14,Amor de gata,AR,\N,imdbDisplay,\N,0
tt11958344,15,"Loin de moi, près de toi",FR,\N,imdbDisplay,\N,0
tt11958344,16,Крізь сльози я прикидаюсь кішкою,UA,\N,imdbDisplay,\N,0
tt11958344,17,Os Gatos Também Choram,PT,\N,imdbDisplay,\N,0
tt11958344,18,A Whisker Away,US,\N,imdbDisplay,\N,0
tt11958344,19,泣きたい私は猫をかぶる,JP,ja,imdbDisplay,\N,0
tt11958344,1,A Whisker Away,CA,en,imdbDisplay,\N,0
tt11958344,20,A Whisker Away,PH,en,imdbDisplay,\N,0
tt11958344,21,A Whisker Away,IN,hi,imdbDisplay,\N,0
tt11958344,22,A Whisker Away,AU,\N,imdbDisplay,\N,0
tt11958344,23,A Whisker Away,MY,en,imdbDisplay,\N,0
tt11958344,24,"Khi Muốn Khóc, Tôi Đeo Mặt Nạ Mèo",VN,\N,imdbDisplay,\N,0
tt11958344,25,Nakitai watashi wa neko o kaburu,JP,\N,\N,transliterated title,0
tt11958344,26,Amor de gata,MX,\N,imdbDisplay,\N,0
tt11958344,27,"Loin de moi, près de toi",CA,fr,imdbDisplay,\N,0
tt11958344,2,Сквозь слёзы я притворяюсь кошкой,RU,\N,imdbDisplay,\N,0
tt11958344,3,想哭的我戴上貓的面具,TW,\N,imdbDisplay,\N,0
tt11958344,4,A Whisker Away,GB,\N,imdbDisplay,\N,0
tt11958344,5,Um ein Schnurrhaar,DE,\N,imdbDisplay,\N,0
tt11958344,6,A Whisker Away,PL,\N,video,\N,0
tt11958344,7,Miyo - Un amore felino,IT,\N,imdbDisplay,\N,0
tt11958344,8,Olhos de Gato,BR,\N,imdbDisplay,\N,0
tt11958344,9,Nakitai watashi wa neko o kaburu,\N,\N,original,\N,1
tt11958648,10,A História em Imagens,PT,\N,imdbDisplay,\N,0
tt11958648,11,Történelmi gyorstalpaló,HU,\N,imdbDisplay,\N,0
tt11958648,12,歷史小膠囊,TW,\N,imdbDisplay,\N,0
tt11958648,13,Quelle histoire!,FR,\N,imdbDisplay,\N,0
tt11958648,14,History 101,IN,hi,imdbDisplay,\N,0
tt11958648,15,Snabbkurs i historia,SE,\N,imdbDisplay,\N,0
tt11958648,16,History 101,GB,\N,imdbDisplay,\N,0
tt11958648,17,History 101,US,\N,imdbDisplay,\N,0
tt11958648,18,Storia contemporanea in pillole,IT,\N,imdbDisplay,\N,0
tt11958648,1,História: Direto ao Assunto,BR,\N,imdbDisplay,\N,0
tt11958648,2,History 101,CA,fr,imdbDisplay,\N,0
tt11958648,3,History 101,CA,en,imdbDisplay,\N,0
tt11958648,4,Geschichtshappen,DE,\N,imdbDisplay,\N,0
tt11958648,5,Ιστορία 101,GR,\N,imdbDisplay,\N,0
tt11958648,6,History 101,\N,\N,original,\N,1
tt11958648,7,Eğlenceli Tarih Dersleri,TR,tr,imdbDisplay,\N,0
tt11958648,8,History 101,MX,\N,imdbDisplay,\N,0
tt11958648,9,History 101,IN,en,imdbDisplay,\N,0
tt12189310,10,Explained: Coronavirus,DE,\N,imdbDisplay,\N,0
tt12189310,11,"Coronavirus, Explained",IN,en,imdbDisplay,\N,0
tt12189310,12,"Коронавирус, объяснение",RU,\N,imdbDisplay,\N,0
tt12189310,13,Van rá magyarázat: A koronavírus,HU,\N,imdbDisplay,\N,0
tt12189310,14,"Coronavirus, Explained",GB,\N,imdbDisplay,\N,0
tt12189310,15,"Coronavirus, Explained",AU,\N,imdbDisplay,\N,0
tt12189310,16,Εξηγήσεις: Κορωνοϊός,GR,\N,imdbDisplay,\N,0
tt12189310,17,"Coronavirus, en pocas palabras",MX,\N,imdbDisplay,\N,0
tt12189310,1,"Coronavirus, Explained",US,\N,imdbDisplay,\N,0
tt12189310,2,"Le coronavirus, en bref",FR,\N,imdbDisplay,\N,0
tt12189310,3,Explicando... O Coronavírus,BR,\N,imdbDisplay,\N,0
tt12189310,4,冠狀病毒解碼,TW,\N,imdbDisplay,\N,0
tt12189310,5,"Coronavirus, Explained",\N,\N,original,\N,1
tt12189310,6,"""新型コロナウイルス""をダイジェスト",JP,ja,imdbDisplay,\N,0
tt12189310,7,"Coronavirus, Explained",CA,en,imdbDisplay,\N,0
tt12189310,8,Il coronavirus in poche parole,IT,\N,imdbDisplay,\N,0
tt12189310,9,"El coronavirus, en pocas palabras",ES,\N,imdbDisplay,\N,0
tt1279024,10,Toradora!,US,\N,imdbDisplay,\N,0
tt1279024,11,虎與龍 TIGER×DRAGON！,TW,\N,imdbDisplay,\N,0
tt1279024,12,Toradora!,GB,\N,imdbDisplay,\N,0
tt1279024,13,Toradora!,TR,tr,imdbDisplay,\N,0
tt1279024,14,とらドラ!,JP,ja,imdbDisplay,\N,0
tt1279024,15,Toradora!,AE,\N,imdbDisplay,\N,0
tt1279024,16,Toradora!,CA,en,imdbDisplay,\N,0
tt1279024,17,Toradora!,DE,\N,imdbDisplay,\N,0
tt1279024,18,Toradora!,PH,en,imdbDisplay,\N,0
tt1279024,19,Toradora!,CA,fr,imdbDisplay,\N,0
tt1279024,1,Toradora!,IN,en,imdbDisplay,\N,0
tt1279024,20,Toradora!,ID,en,imdbDisplay,\N,0
tt1279024,2,Toradora!,\N,\N,original,\N,1
tt1279024,3,Toradora!,IT,\N,imdbDisplay,\N,0
tt1279024,4,Toradora!,MX,\N,imdbDisplay,\N,0
tt1279024,5,Toradora!,IN,hi,imdbDisplay,\N,0
tt1279024,6,Торадора!,UA,\N,imdbDisplay,\N,0
tt1279024,7,Toradora!,BR,\N,imdbDisplay,\N,0
tt1279024,8,Toradora!,PL,\N,video,\N,0
tt1279024,9,Торадора!,RU,\N,imdbDisplay,\N,0
tt12930534,10,Challenger,AU,\N,\N,short title,0
tt12930534,11,Challenger: Ostatni lot,PL,\N,imdbDisplay,\N,0
tt12930534,1,Challenger: Voo Final,BR,\N,imdbDisplay,\N,0
tt12930534,2,Der letzte Flug der Challenger,DE,\N,imdbDisplay,\N,0
tt12930534,3,Challenger: Η Τελευταία Πτήση,GR,\N,imdbDisplay,\N,0
tt12930534,4,'Челленджер': Последний полёт,RU,\N,imdbDisplay,\N,0
tt12930534,5,Challenger: El vuelo final,AR,\N,imdbDisplay,\N,0
tt12930534,6,Challenger: Den siste reisen,NO,\N,imdbDisplay,\N,0
tt12930534,7,Challenger: The Final Flight,\N,\N,original,\N,1
tt12930534,8,El último vuelo del Challenger,ES,\N,imdbDisplay,\N,0
tt12930534,9,Challenger: The Final Flight,US,\N,imdbDisplay,\N,0
tt1623288,10,ParaNorman,BR,\N,imdbDisplay,\N,0
tt1623288,11,L'étrange pouvoir de Norman,TN,fr,imdbDisplay,\N,0
tt1623288,12,ParaNorman,ZA,en,imdbDisplay,\N,0
tt1623288,13,L'étrange pouvoir de Norman,LB,fr,imdbDisplay,\N,0
tt1623288,14,ParaNorman,CH,en,imdbDisplay,\N,0
tt1623288,15,ParaNorman,IL,en,imdbDisplay,\N,0
tt1623288,16,ParaNorman,IT,\N,imdbDisplay,\N,0
tt1623288,17,ParaNorman,MX,\N,imdbDisplay,\N,0
tt1623288,18,ParaNorman,CL,\N,imdbDisplay,\N,0
tt1623288,19,怪誕小學雞,HK,yue,imdbDisplay,\N,0
tt1623288,1,パラノーマン　ブライス・ホローの謎,JP,ja,imdbDisplay,\N,0
tt1623288,20,ParaNorman,CA,fr,imdbDisplay,\N,0
tt1623288,21,ParaNorman,ID,en,imdbDisplay,\N,0
tt1623288,22,L'étrange pouvoir de Norman,LU,fr,imdbDisplay,\N,0
tt1623288,23,ParaNorman: Μια μεταφυσική ιστορία,GR,\N,imdbDisplay,\N,0
tt1623288,24,ParaNorman,NO,\N,imdbDisplay,\N,0
tt1623288,25,派拉諾曼：靈動小子,TW,\N,imdbDisplay,\N,0
tt1623288,26,ParaNorman,\N,\N,original,\N,1
tt1623288,27,ParaNorman,RO,\N,imdbDisplay,\N,0
tt1623288,28,L'étrange pouvoir de Norman,BE,fr,imdbDisplay,\N,0
tt1623288,29,L'étrange pouvoir de Norman,CG,fr,imdbDisplay,\N,0
tt1623288,2,Paranormans,LV,\N,imdbDisplay,\N,0
tt1623288,30,"ParaNorman, mia metafysiki istoria",GR,\N,\N,transliterated title,0
tt1623288,31,ParaNorman,SI,\N,imdbDisplay,\N,0
tt1623288,32,El alucinante mundo de Norman,ES,\N,imdbDisplay,\N,0
tt1623288,33,ParaNorman,MY,en,imdbDisplay,\N,0
tt1623288,34,L'étrange pouvoir de Norman,DZ,fr,imdbDisplay,\N,0
tt1623288,35,ParaNorman,XAS,en,imdbDisplay,\N,0
tt1623288,36,Grym Rhyfedd Norman,GB,cy,imdbDisplay,\N,0
tt1623288,37,ParaNorman,HK,en,imdbDisplay,\N,0
tt1623288,38,ParaNorman,TR,tr,imdbDisplay,\N,0
tt1623288,39,"Паранорман, или Как приручить зомби",RU,\N,imdbDisplay,\N,0
tt1623288,3,L'étrange pouvoir de Norman,FR,\N,imdbDisplay,\N,0
tt1623288,40,ParaNorman,CA,en,imdbDisplay,\N,0
tt1623288,41,ParaNorman,IE,en,imdbDisplay,\N,0
tt1623288,42,ParaNorman,PK,en,imdbDisplay,\N,0
tt1623288,43,ParaNorman,NG,en,imdbDisplay,\N,0
tt1623288,44,Paranormanas,LT,\N,imdbDisplay,\N,0
tt1623288,45,ParaNorman,GB,\N,imdbDisplay,\N,0
tt1623288,46,L'étrange pouvoir de Norman,SN,fr,imdbDisplay,\N,0
tt1623288,47,ПараНорман,UA,\N,imdbDisplay,\N,0
tt1623288,48,ПараНорман,BG,bg,imdbDisplay,\N,0
tt1623288,49,ParaNorman,AR,\N,imdbDisplay,\N,0
tt1623288,4,L'étrange pouvoir de Norman,BJ,fr,imdbDisplay,\N,0
tt1623288,50,ParaNorman,JP,en,imdbDisplay,\N,0
tt1623288,51,ParaNorman,IN,en,imdbDisplay,\N,0
tt1623288,52,ParaNorman,BD,en,imdbDisplay,\N,0
tt1623288,53,ParaNorman,PT,\N,imdbDisplay,\N,0
tt1623288,54,पैरानोर्मन,IN,hi,imdbDisplay,\N,0
tt1623288,55,ParaNorman,PH,en,imdbDisplay,\N,0
tt1623288,56,L'étrange pouvoir de Norman,CM,fr,imdbDisplay,\N,0
tt1623288,57,ParaNorman,DE,\N,imdbDisplay,\N,0
tt1623288,58,ParaNorman,US,\N,imdbDisplay,\N,0
tt1623288,59,ParaNorman,TH,en,imdbDisplay,\N,0
tt1623288,5,ParaNorman,SG,en,imdbDisplay,\N,0
tt1623288,60,ParaNorman,IL,he,imdbDisplay,\N,0
tt1623288,61,Cumhachd Strange Thormoid,GB,gd,imdbDisplay,\N,0
tt1623288,62,ParaNorman,CO,\N,imdbDisplay,\N,0
tt1623288,63,ParaNorman,HU,\N,imdbDisplay,\N,0
tt1623288,64,ParaNorman,EG,en,imdbDisplay,\N,0
tt1623288,65,ParaNorman,BE,en,imdbDisplay,\N,0
tt1623288,66,ParaNorman,JM,en,imdbDisplay,\N,0
tt1623288,67,L'étrange pouvoir de Norman,MA,fr,imdbDisplay,\N,0
tt1623288,68,ParaNorman,XEU,en,imdbDisplay,\N,0
tt1623288,69,ParaNorman,US,en,\N,\N,0
tt1623288,6,L'étrange pouvoir de Norman,CH,fr,imdbDisplay,\N,0
tt1623288,70,Norman & Giác Quan Thứ 6,VN,\N,imdbDisplay,\N,0
tt1623288,7,ParaNorman,XWW,en,imdbDisplay,\N,0
tt1623288,8,ParaNorman,AU,\N,imdbDisplay,\N,0
tt1623288,9,ParaNorman,NZ,en,imdbDisplay,\N,0
tt16477402,10,WWII in Color: Road to Victory,ID,en,imdbDisplay,\N,0
tt16477402,11,WWII in Color: Road to Victory,AE,\N,imdbDisplay,\N,0
tt16477402,12,39-45 en couleur: Vers la victoire,FR,\N,imdbDisplay,\N,0
tt16477402,13,La II Guerra Mundial en color: El camino a la victoria,ES,\N,imdbDisplay,\N,0
tt16477402,14,WWII in Color: Road to Victory,\N,\N,original,\N,1
tt16477402,15,La Segunda Guerra Mundial a todo color: Camino a la victoria,AR,\N,imdbDisplay,\N,0
tt16477402,16,II wojna światowa w kolorze: Droga do zwycięstwa,PL,\N,imdbDisplay,\N,0
tt16477402,17,39-45 en couleur: Vers la victoire,CA,fr,imdbDisplay,\N,0
tt16477402,18,Segunda Guerra em Cores: Caminho para a Vitória,BR,\N,imdbDisplay,\N,0
tt16477402,19,Andra världskriget i färg: Vägen till seger,SE,\N,imdbDisplay,\N,0
tt16477402,1,Друга світова війна в кольорі: Шлях до перемоги,UA,\N,imdbDisplay,\N,0
tt16477402,20,WWII in Color: Road to Victory,IN,hi,imdbDisplay,\N,0
tt16477402,2,A II. világháború színesben: Út a győzelem felé,HU,\N,imdbDisplay,\N,0
tt16477402,3,WWII in Color: Road to Victory,NL,\N,imdbDisplay,\N,0
tt16477402,4,WWII in Color: Road to Victory,DE,\N,imdbDisplay,\N,0
tt16477402,5,WWII in Color: Road to Victory,PH,en,imdbDisplay,\N,0
tt16477402,6,WWII in Color: Road to Victory,GB,\N,imdbDisplay,\N,0
tt16477402,7,WWII in Color: Road to Victory,SG,en,imdbDisplay,\N,0
tt16477402,8,WWII in Color: Road to Victory,CA,en,imdbDisplay,\N,0
tt16477402,9,WWII in Color: Road to Victory,TR,tr,imdbDisplay,\N,0
tt1839494,10,Viaje a Agartha,ES,\N,imdbDisplay,\N,0
tt1839494,11,"Otaka'11: Vaikai, kurie vijosi zvaigzdes",LT,\N,imdbDisplay,\N,0
tt1839494,12,Journey to Agartha,GB,\N,imdbDisplay,\N,0
tt1839494,13,I bambini che inseguono le stelle,IT,\N,alternative,\N,0
tt1839494,14,Viagem a Agartha,PT,\N,imdbDisplay,\N,0
tt1839494,15,Children Who Chase Lost Voices,US,\N,imdbDisplay,\N,0
tt1839494,16,Kayıp Seslerin Peşinde,TR,tr,imdbDisplay,\N,0
tt1839494,17,Children Who Chase Lost Voices,DE,\N,imdbDisplay,\N,0
tt1839494,18,Barn som jagar stjärnor,SE,\N,\N,poster title,0
tt1839494,19,Children Who Chase Lost Voices from Deep Below,AU,\N,imdbDisplay,\N,0
tt1839494,1,Viagem para Agartha,BR,\N,imdbDisplay,\N,0
tt1839494,20,星を追う子ども,JP,ja,imdbDisplay,\N,0
tt1839494,21,Hoshi wo Ou Kodomo,JP,\N,\N,alternative spelling,0
tt1839494,22,Csillaghajsza,HU,\N,imdbDisplay,\N,0
tt1839494,23,Unustatud häälte püüdjad,EE,\N,imdbDisplay,\N,0
tt1839494,24,"Vaikai, kurie vijosi žvaigždes",LT,\N,imdbDisplay,\N,0
tt1839494,25,"Діти, що женуться за зорями",UA,\N,imdbDisplay,\N,0
tt1839494,26,Children Who Chase Lost Voices,CA,en,imdbDisplay,\N,0
tt1839494,27,Hoshi o Ou Kodomo,JP,\N,imdbDisplay,\N,0
tt1839494,28,Viaje a Agartha,AR,\N,imdbDisplay,\N,0
tt1839494,29,Viaggio verso Agartha,IT,\N,imdbDisplay,\N,0
tt1839494,2,Children Who Chase Lost Voices from Deep Below,XWW,en,festival,\N,0
tt1839494,30,Hoshi o ou kodomo,\N,\N,original,\N,1
tt1839494,3,追逐繁星的孩子,TW,\N,imdbDisplay,\N,0
tt1839494,4,Die Reise nach Agartha,DE,\N,tv,\N,0
tt1839494,5,Những Đứa Trẻ Đuổi Theo Tinh Tú,VN,\N,imdbDisplay,\N,0
tt1839494,6,Ловцы забытых голосов,RU,\N,imdbDisplay,\N,0
tt1839494,7,Children Who Chase Lost Voices,XWW,en,imdbDisplay,\N,0
tt1839494,8,Voyage vers Agartha,FR,\N,dvd,\N,0
tt1839494,9,Putovanje u Agartu,RS,\N,imdbDisplay,\N,0
tt1913273,10,Ano hi mita hana no namae o bokutachi wa mada shiranai.,FR,\N,imdbDisplay,\N,0
tt1913273,11,Anohana: The Flower We Saw That Day,ID,en,imdbDisplay,\N,0
tt1913273,12,Anohana: Bunga yang Kita Lihat Waktu Itu,ID,id,imdbDisplay,\N,0
tt1913273,13,Anohana: Đóa Hoa Ngày Đó Ta Cùng Ngắm,VN,\N,imdbDisplay,\N,0
tt1913273,14,Ano hi mita hana no namae o bokutachi wa mada shiranai.,CA,fr,imdbDisplay,\N,0
tt1913273,15,Anohana: The Flower We Saw That Day,ES,\N,imdbDisplay,\N,0
tt1913273,16,Ano hi mita hana no namae o bokutachi wa mada shiranai.,AE,\N,imdbDisplay,\N,0
tt1913273,17,Anohana: The Flower We Saw That Day,TR,tr,imdbDisplay,\N,0
tt1913273,18,"Ми досі не знаємо імені квіточки, яку бачили того дня",UA,\N,\N,literal title,0
tt1913273,19,Ano hi mita hana no namae o bokutachi wa mada shiranai.,\N,\N,original,\N,1
tt1913273,1,Ano Hana,IT,\N,imdbDisplay,\N,0
tt1913273,20,あの日見た花の名前を僕達はまだ知らない。,JP,ja,imdbDisplay,\N,0
tt1913273,21,AnoHana,JP,\N,\N,short version,0
tt1913273,22,我們仍未知道那天所看見的花名。,TW,\N,imdbDisplay,\N,0
tt1913273,23,"AnoHana - Die Blume, die wir an jenem Tag sahen",DE,\N,imdbDisplay,\N,0
tt1913273,24,We Still Don't Know the Name of the Flower We Saw That Day,JP,\N,\N,literal English title,0
tt1913273,25,Невиданный цветок,RU,\N,imdbDisplay,\N,0
tt1913273,26,Anohana: The Flower We Saw That Day,US,\N,imdbDisplay,\N,0
tt1913273,2,Anohana: The Flower We Saw That Day,XWW,en,imdbDisplay,\N,0
tt1913273,3,Ano Hi Mita Hana No Namae O Bokutachi Wa Mada Shiranai.,IN,en,imdbDisplay,\N,0
tt1913273,4,Ano Hana,BR,\N,imdbDisplay,\N,0
tt1913273,5,Anohana: The Flower We Saw That Day,GB,\N,imdbDisplay,\N,0
tt1913273,6,Anohana: The Flower We Saw That Day,IN,hi,imdbDisplay,\N,0
tt1913273,7,Anohana: The Flower We Saw That Day,PL,\N,video,\N,0
tt1913273,8,Ano Hi Mita Hana No Namae O Bokutachi Wa Mada Shiranai.,CA,en,imdbDisplay,\N,0
tt1913273,9,Ano hi mita hana no namae o bokutachi wa mada shiranai.,MX,\N,imdbDisplay,\N,0
tt2140203,10,おおかみこどもの雨と雪,JP,ja,imdbDisplay,\N,0
tt2140203,11,Wolf Children (Els nens llop),ES,ca,\N,complete title,0
tt2140203,12,狼的孩子雨和雪,CN,cmn,imdbDisplay,\N,0
tt2140203,13,Wolf Children,NO,\N,imdbDisplay,\N,0
tt2140203,14,Волчьи дети Амэ и Юки,RU,\N,imdbDisplay,\N,0
tt2140203,15,Vargbarnen,SE,\N,imdbDisplay,\N,0
tt2140203,16,Ookami kodomo no Ame to Yuki,JP,\N,imdbDisplay,\N,0
tt2140203,17,Wolf Children,US,\N,imdbDisplay,\N,0
tt2140203,18,Wolf Children - Ame e Yuki i bambini lupo,IT,\N,imdbDisplay,\N,0
tt2140203,19,Djeca-vukovi,HR,\N,imdbDisplay,\N,0
tt2140203,1,Wolf Children,AU,\N,imdbDisplay,\N,0
tt2140203,20,Farkasgyermekek,HU,\N,imdbDisplay,\N,0
tt2140203,21,Vučja deca,RS,\N,imdbDisplay,\N,0
tt2140203,22,Wolf Children,XWW,en,imdbDisplay,\N,0
tt2140203,23,Wolf Children,IN,hi,imdbDisplay,\N,0
tt2140203,24,Los niños lobo Ame y Yuki,MX,\N,imdbDisplay,\N,0
tt2140203,25,Wilcze dzieci,PL,\N,imdbDisplay,\N,0
tt2140203,26,Les enfants loups - Ame & Yuki,CA,fr,imdbDisplay,\N,0
tt2140203,27,"Les enfants loups, Ame & Yuki",FR,\N,imdbDisplay,\N,0
tt2140203,28,Những Đứa Con Của Sói,VN,\N,imdbDisplay,\N,0
tt2140203,29,Діти вовка. Аме та Юкі,UA,\N,alternative,\N,0
tt2140203,2,Copiii lupului,RO,\N,imdbDisplay,\N,0
tt2140203,30,Wolf Children (Los niños lobo),ES,\N,imdbDisplay,\N,0
tt2140203,31,Wolf Children,IT,\N,\N,short title,0
tt2140203,32,Los Niños Lobos,XWW,es,imdbDisplay,\N,0
tt2140203,33,The Wolf Children Ame and Yuki,XWW,en,alternative,\N,0
tt2140203,34,Ôkami kodomo no Ame to Yuki,\N,\N,original,\N,1
tt2140203,35,狼的孩子雨和雪,TW,\N,imdbDisplay,\N,0
tt2140203,36,Crianças Lobo,BR,\N,imdbDisplay,\N,0
tt2140203,37,Ookami Kodomo No Ame to Yuki,IN,en,imdbDisplay,\N,0
tt2140203,38,Vilko vaikai,LT,\N,imdbDisplay,\N,0
tt2140203,39,Wolf Children,GB,\N,imdbDisplay,\N,0
tt2140203,3,Los niños lobos,AR,\N,imdbDisplay,\N,0
tt2140203,4,Ame & Yuki - Die Wolfskinder,DE,\N,imdbDisplay,\N,0
tt2140203,5,Вовчі діти Аме та Юкі,UA,\N,imdbDisplay,\N,0
tt2140203,6,狼的孩子雨和雪,HK,cmn,festival,\N,0
tt2140203,7,Crianças Lobos,PT,\N,imdbDisplay,\N,0
tt2140203,8,Ookami Kodomo No Ame to Yuki,CA,en,imdbDisplay,\N,0
tt2140203,9,Wolf Children,CA,en,\N,new title,0
tt2279373,10,SvampeBob Firkant Filmen: Svamp på land,NO,\N,imdbDisplay,\N,0
tt2279373,11,The SpongeBob Movie: Sponge Out of Water,CA,en,imdbDisplay,\N,0
tt2279373,12,スポンジ・ボブ　海のみんなが世界を救Woo（う〜）！,JP,ja,imdbDisplay,\N,0
tt2279373,13,The SpongeBob Movie: Sponge Out of Water,GB,\N,imdbDisplay,\N,0
tt2279373,14,Suponji Bobu: Umi no minna ga sekai o sukui Woo!,JP,\N,imdbDisplay,\N,0
tt2279373,15,Kempiniukas Placiakelnis,LT,\N,imdbDisplay,\N,0
tt2279373,16,SpongeBob: Esponja Fora de Água,PT,\N,imdbDisplay,\N,0
tt2279373,17,Bob Esponja: Un héroe fuera del agua,CL,\N,imdbDisplay,\N,0
tt2279373,18,Spongyabob: Ki a vízből!,HU,\N,imdbDisplay,\N,0
tt2279373,19,Bob Esponja: Un héroe fuera del agua,PE,\N,imdbDisplay,\N,0
tt2279373,1,"Bob l'éponge, le film: Un héros sort de l'eau",FR,\N,imdbDisplay,\N,0
tt2279373,20,Svampebob: En rigtig landkrabbe,DK,\N,imdbDisplay,\N,0
tt2279373,21,The SpongeBob Movie: Sponge Out of Water,IN,en,imdbDisplay,\N,0
tt2279373,22,SpongeBob Schwammkopf: Schwamm aus dem Wasser,DE,\N,imdbDisplay,\N,0
tt2279373,23,Bob o Sfougarakis: Exo apo ta nera tou,GR,\N,\N,transliterated title,0
tt2279373,24,SpongeBob an Scannán: Spúinse as Uisce,IE,ga,\N,dubbed version,0
tt2279373,25,Bob Esponja: Un héroe fuera del agua,MX,\N,imdbDisplay,\N,0
tt2279373,26,Bob Esponja: Um Herói Fora d'Água,BR,\N,imdbDisplay,\N,0
tt2279373,27,SpongeBob - Fuori dall'acqua,IT,\N,imdbDisplay,\N,0
tt2279373,28,SvampBob Fyrkant: Äventyr på torra land,SE,\N,imdbDisplay,\N,0
tt2279373,29,Sunđer Bob Kockalone film: Sunđer na suvom,RS,\N,imdbDisplay,\N,0
tt2279373,2,Губка Боб в 3D,RU,\N,imdbDisplay,\N,0
tt2279373,30,The SpongeBob Movie: Sponge Out of Water,US,\N,imdbDisplay,\N,0
tt2279373,31,SpongeBob: Anh Hùng Lên Cạn,VN,\N,imdbDisplay,\N,0
tt2279373,32,Спондж Боб: Гъба на сухо,BG,bg,imdbDisplay,\N,0
tt2279373,33,स्पोंजबॉब द मूवी: स्पोंज आउट ऑफ वॉटर,IN,hi,imdbDisplay,\N,0
tt2279373,34,海綿寶寶：海陸大出擊,TW,\N,imdbDisplay,\N,0
tt2279373,35,SpongeBob Schwammkopf 3D,DE,\N,imdbDisplay,\N,0
tt2279373,36,SpongeBob 3D: Spons op het droge,NL,\N,\N,dubbed version,0
tt2279373,37,Spuzi na suhem,SI,\N,imdbDisplay,\N,0
tt2279373,38,SpongeBob SquarePants 2,\N,\N,alternative,\N,0
tt2279373,39,Sūklis Bobs Kvadrātbiksis,LV,\N,imdbDisplay,\N,0
tt2279373,3,SüngerBob KarePantolon: Suyu Süngerle Sil,TR,tr,imdbDisplay,\N,0
tt2279373,40,Губка Боб: Життя на суші,UA,\N,imdbDisplay,\N,0
tt2279373,41,The SpongeBob SquarePants Movie 2,US,\N,\N,informal alternative title,0
tt2279373,42,Untitled SpongeBob SquarePants Movie Sequel,US,\N,working,\N,0
tt2279373,43,Bob Esponja: un héroe fuera del agua,CO,\N,imdbDisplay,\N,0
tt2279373,44,"Bob l'éponge, le film: Éponge à court d'eau",CA,fr,imdbDisplay,\N,0
tt2279373,45,The SpongeBob Movie: Sponge Out of Water,AU,\N,imdbDisplay,\N,0
tt2279373,46,The SpongeBob Movie: Sponge Out of Water,NZ,en,imdbDisplay,\N,0
tt2279373,47,Paavo Pesusieni kuivalla maalla,FI,\N,imdbDisplay,\N,0
tt2279373,48,SpongeBob ve filmu: Houba na suchu,CZ,\N,imdbDisplay,\N,0
tt2279373,49,Spuzva Bob Skockani: Spuzva na suhom,HR,\N,imdbDisplay,\N,0
tt2279373,4,SvampBob Fyrkant 2,SE,\N,working,\N,0
tt2279373,50,SpongeBob: Na suchym lądzie,PL,\N,imdbDisplay,\N,0
tt2279373,51,Bob Esponja: Un héroe fuera del agua,AR,\N,imdbDisplay,\N,0
tt2279373,5,Μπομπ Σφουγγαράκης: Έξω απ' τα νερά του,GR,\N,imdbDisplay,\N,0
tt2279373,6,The SpongeBob Movie: Sponge Out of Water,\N,\N,original,\N,1
tt2279373,7,Bob Esponja: Un héroe fuera del agua,ES,\N,imdbDisplay,\N,0
tt2279373,8,The SpongeBob Movie: Sponge Out of Water,IE,en,imdbDisplay,\N,0
tt2279373,9,BobSfog mikhnas merouba: ha'seret,IL,he,imdbDisplay,\N,0
tt2709768,10,Uy hayvonlarining sirli hayoti,UZ,\N,imdbDisplay,\N,0
tt2709768,11,The Secret Life of Pets,IN,hi,imdbDisplay,\N,0
tt2709768,12,The Secret Life of Pets,AU,\N,imdbDisplay,\N,0
tt2709768,13,Tajný život mazlíčků,CZ,\N,imdbDisplay,\N,0
tt2709768,14,Slaptas augintiniu gyvenimas,LT,\N,imdbDisplay,\N,0
tt2709768,15,La vida secreta de tus mascotas,CO,\N,imdbDisplay,\N,0
tt2709768,16,Mīluļu slepenā dzīve,LV,\N,imdbDisplay,\N,0
tt2709768,17,Mascotas,ES,\N,imdbDisplay,\N,0
tt2709768,18,Pets,AT,\N,imdbDisplay,\N,0
tt2709768,19,A kis kedvencek titkos élete,HU,\N,imdbDisplay,\N,0
tt2709768,1,Pets: A Vida Secreta dos Bichos,BR,\N,imdbDisplay,\N,0
tt2709768,20,Skrivno življenje hišnih ljubljenčkov,SI,\N,imdbDisplay,\N,0
tt2709768,21,Tajni život ljubimaca,HR,\N,imdbDisplay,\N,0
tt2709768,22,Sekretne życie zwierzaków domowych,PL,\N,imdbDisplay,\N,0
tt2709768,23,Comme des bêtes,CA,fr,imdbDisplay,\N,0
tt2709768,24,The Secret Life of Pets,IN,en,imdbDisplay,\N,0
tt2709768,25,Comme des bêtes,FR,\N,imdbDisplay,\N,0
tt2709768,26,Mascotes,ES,ca,imdbDisplay,\N,0
tt2709768,27,Секрети домашніх тварин,UA,\N,imdbDisplay,\N,0
tt2709768,28,A Vida Secreta dos Nossos Bichos,PT,\N,imdbDisplay,\N,0
tt2709768,29,Singuri acasã,RO,\N,imdbDisplay,\N,0
tt2709768,2,Pets - Vita da animali,IT,\N,imdbDisplay,\N,0
tt2709768,30,Тайная жизнь домашних животных,RU,\N,imdbDisplay,\N,0
tt2709768,31,Untitled Pets Movie,US,\N,working,\N,0
tt2709768,32,The Secret Life of Pets,GB,\N,imdbDisplay,\N,0
tt2709768,33,La vida secreta de tus mascotas,MX,\N,imdbDisplay,\N,0
tt2709768,34,Lemmikloomade salajane elu,EE,\N,imdbDisplay,\N,0
tt2709768,35,Jeta sekrete e kafshëve,AL,\N,imdbDisplay,\N,0
tt2709768,36,Ha'kha'yim ha'sodiyim shel kha'yot ha'makhmad,IL,he,imdbDisplay,\N,0
tt2709768,37,The Secret Life of Pets,IE,en,imdbDisplay,\N,0
tt2709768,38,The Secret Life of Pets,CA,en,imdbDisplay,\N,0
tt2709768,39,Tajne avanture kućnih ljubimaca,RS,\N,imdbDisplay,\N,0
tt2709768,3,Tajný život maznáčikov,SK,\N,imdbDisplay,\N,0
tt2709768,40,La vida secreta de tus mascotas,PE,\N,imdbDisplay,\N,0
tt2709768,41,Huisdiergeheimen,BE,nl,\N,dubbed version,0
tt2709768,42,Pets,DE,\N,imdbDisplay,\N,0
tt2709768,43,Kæledyrenes hemmelige liv,DK,\N,imdbDisplay,\N,0
tt2709768,44,Đẳng Cấp Thú Cưng,VN,\N,imdbDisplay,\N,0
tt2709768,45,La vida secreta de tus mascotas,UY,\N,\N,3-D version,0
tt2709768,46,Μπάτε σκύλοι αλέστε,GR,\N,imdbDisplay,\N,0
tt2709768,47,ペット,JP,ja,imdbDisplay,\N,0
tt2709768,48,Evcil Hayvanların Gizli Yaşamı,TR,tr,imdbDisplay,\N,0
tt2709768,49,Husdjurens hemliga liv,SE,\N,imdbDisplay,\N,0
tt2709768,4,Kjæledyrenes hemmelige liv,NO,\N,imdbDisplay,\N,0
tt2709768,50,寵物當家,TW,\N,imdbDisplay,\N,0
tt2709768,51,The Secret Life of Pets,US,\N,imdbDisplay,\N,0
tt2709768,52,The Secret Life of Pets,SG,en,imdbDisplay,\N,0
tt2709768,53,La Vida Secreta de Tus Mascotas,CL,\N,imdbDisplay,\N,0
tt2709768,54,Huisdiergeheimen,NL,nl,\N,dubbed version,0
tt2709768,55,Comme des bêtes,BE,fr,\N,dubbed version,0
tt2709768,5,Сами вкъщи,BG,bg,imdbDisplay,\N,0
tt2709768,6,Lemmikkien salainen elämä,FI,\N,imdbDisplay,\N,0
tt2709768,7,The Secret Life of Pets,\N,\N,original,\N,1
tt2709768,8,La vida secreta de tus mascotas,AR,\N,imdbDisplay,\N,0
tt2709768,9,Bate Skili Aleste,GR,\N,\N,transliterated title,0
tt2910906,1,The Martian,US,\N,imdbDisplay,\N,0
tt2910906,2,The Martian,\N,\N,original,\N,1
tt4302938,10,Kubo et l'armure magique,FR,\N,imdbDisplay,\N,0
tt4302938,11,Kubo et l'armure magique,CH,fr,imdbDisplay,\N,0
tt4302938,12,Kubo e la spada magica,IT,\N,imdbDisplay,\N,0
tt4302938,13,Kubo og det magiske instrumentet,NO,\N,imdbDisplay,\N,0
tt4302938,14,Kubo and the Two Strings,JP,en,imdbDisplay,\N,0
tt4302938,15,Kubo and the Two Strings,IN,en,imdbDisplay,\N,0
tt4302938,16,Kubo ja samuraiseikkailu,FI,\N,imdbDisplay,\N,0
tt4302938,17,Kubo et l'armure magique,LB,fr,imdbDisplay,\N,0
tt4302938,18,Kubo en het Magische Zwaard,NL,\N,imdbDisplay,\N,0
tt4302938,19,Kubo and the Two Strings,BD,en,imdbDisplay,\N,0
tt4302938,1,Kubo and the Two Strings,CA,en,imdbDisplay,\N,0
tt4302938,20,Kubo and the Two Strings,\N,\N,original,\N,1
tt4302938,21,Kubo et l'armure magique,LU,fr,imdbDisplay,\N,0
tt4302938,22,Kubo and the Two Strings,ID,en,imdbDisplay,\N,0
tt4302938,23,Kubo et l'armure magique,BE,fr,imdbDisplay,\N,0
tt4302938,24,Кубо. Легенда о самурае,RU,\N,imdbDisplay,\N,0
tt4302938,25,Kubo et l'armure magique,CG,fr,imdbDisplay,\N,0
tt4302938,26,Kubo ve Sihirli Telleri,TR,tr,imdbDisplay,\N,0
tt4302938,27,Kubo és a varázshúrok,HU,\N,imdbDisplay,\N,0
tt4302938,28,Kubo and the Two Strings,AU,\N,imdbDisplay,\N,0
tt4302938,29,Kubo and the Two Strings,MY,en,imdbDisplay,\N,0
tt4302938,2,Kubo et l'armure magique,BJ,fr,imdbDisplay,\N,0
tt4302938,30,Кубо і легенда самурая,UA,\N,imdbDisplay,\N,0
tt4302938,31,Kubo y la búsqueda del samurai,AR,\N,imdbDisplay,\N,0
tt4302938,32,Kubo et l'armure magique,DZ,fr,imdbDisplay,\N,0
tt4302938,33,Kubo and the Two Strings,HK,en,imdbDisplay,\N,0
tt4302938,34,Kubo and the Two Strings,XAS,en,imdbDisplay,\N,0
tt4302938,35,Kubo ir stebuklingas kardas,LT,\N,imdbDisplay,\N,0
tt4302938,36,Кубо и пътят на самурая,BG,bg,imdbDisplay,\N,0
tt4302938,37,Kubo: Nihon no Gen no Himitsu,JP,\N,imdbDisplay,\N,0
tt4302938,38,KUBO クボ　二本の弦の秘密,JP,ja,imdbDisplay,\N,0
tt4302938,39,Kubo et l'épée magique,CA,fr,imdbDisplay,\N,0
tt4302938,3,Kubo and the Two Strings,IE,en,imdbDisplay,\N,0
tt4302938,40,Kubo - den modige samurai,DK,\N,imdbDisplay,\N,0
tt4302938,41,Kubo si lauta magica,RO,\N,imdbDisplay,\N,0
tt4302938,42,Kubo e as Cordas Mágicas,BR,\N,imdbDisplay,\N,0
tt4302938,43,Kubo i dwie struny,PL,\N,imdbDisplay,\N,0
tt4302938,44,Kubo and the Two Strings,SG,en,imdbDisplay,\N,0
tt4302938,45,Kubo: agada shel Samurai,IL,he,imdbDisplay,\N,0
tt4302938,46,Kubo and the Two Strings,XWW,en,imdbDisplay,\N,0
tt4302938,47,Kubo et l'armure magique,SN,fr,imdbDisplay,\N,0
tt4302938,48,Kubo i čarobni mač,HR,\N,imdbDisplay,\N,0
tt4302938,49,Kubo and the Two Strings,NZ,en,imdbDisplay,\N,0
tt4302938,4,Kubo and the Two Strings,PK,en,imdbDisplay,\N,0
tt4302938,50,Kubo and the Two Strings,ZA,en,imdbDisplay,\N,0
tt4302938,51,Kubo y la búsqueda del Samurai,CL,\N,imdbDisplay,\N,0
tt4302938,52,Kubo and the Two Strings,CH,en,imdbDisplay,\N,0
tt4302938,53,Kubo and the Two Strings,IL,en,imdbDisplay,\N,0
tt4302938,54,Kubo et l'armure magique,CM,fr,imdbDisplay,\N,0
tt4302938,55,Kubo y la búsqueda samurai,UY,\N,\N,3-D version,0
tt4302938,56,Ο Κούμπο και οι δύο χορδές,GR,\N,imdbDisplay,\N,0
tt4302938,57,Kubo: Der tapfere Samurai,DE,\N,imdbDisplay,\N,0
tt4302938,58,Kubo and the Two Strings,PH,en,imdbDisplay,\N,0
tt4302938,59,Kubo ja kaks pillikeelt,EE,\N,imdbDisplay,\N,0
tt4302938,5,Kubo and the Two Strings,NG,en,imdbDisplay,\N,0
tt4302938,60,Kubo och de två strängarna,SE,\N,imdbDisplay,\N,0
tt4302938,61,酷寶：魔弦傳說,TW,\N,imdbDisplay,\N,0
tt4302938,62,Kubo and the Two Strings,US,\N,imdbDisplay,\N,0
tt4302938,63,Kubo y las dos cuerdas mágicas,ES,\N,imdbDisplay,\N,0
tt4302938,64,Kubo and the Two Strings,TH,en,imdbDisplay,\N,0
tt4302938,65,Kubo và Sứ Mệnh Samurai,VN,\N,imdbDisplay,\N,0
tt4302938,66,Kubo en het Magische Harnas,BE,nl,imdbDisplay,\N,0
tt4302938,67,Kubo and the Two Strings,BE,en,imdbDisplay,\N,0
tt4302938,68,Kubo and the Two Strings,JM,en,imdbDisplay,\N,0
tt4302938,69,Kubo and the Two Strings,EG,en,imdbDisplay,\N,0
tt4302938,6,Kubo un divas stīgas,LV,\N,imdbDisplay,\N,0
tt4302938,70,Kubo et l'armure magique,MA,fr,imdbDisplay,\N,0
tt4302938,71,Kubo and the Two Strings,XEU,en,imdbDisplay,\N,0
tt4302938,72,Kubo in dve struni,SI,\N,imdbDisplay,\N,0
tt4302938,7,Kubo y la búsqueda samurái,MX,\N,imdbDisplay,\N,0
tt4302938,8,Kubo e as Duas Cordas,PT,\N,imdbDisplay,\N,0
tt4302938,9,Kubo and the Two Strings,GB,\N,imdbDisplay,\N,0
tt4508902,10,一拳超人,TW,\N,imdbDisplay,\N,0
tt4508902,11,One Punch Man: Wanpanman,CA,en,imdbDisplay,\N,0
tt4508902,12,One Punch Man,US,\N,imdbDisplay,\N,0
tt4508902,13,One-Punch Man,AE,\N,imdbDisplay,\N,0
tt4508902,14,One Punch Man,SK,\N,imdbDisplay,\N,0
tt4508902,15,वन पचं मॅन,IN,hi,alternative,\N,0
tt4508902,16,Un Coup de Poing,CA,fr,alternative,\N,0
tt4508902,17,One Punch Man,BR,\N,imdbDisplay,\N,0
tt4508902,18,One Punch Man: Wanpanman,TR,tr,imdbDisplay,\N,0
tt4508902,19,One Punch Man: Wanpanman,IN,hi,imdbDisplay,\N,0
tt4508902,1,One Punch Man: Wanpanman,IN,en,imdbDisplay,\N,0
tt4508902,20,One Punch Man,MX,\N,imdbDisplay,\N,0
tt4508902,21,One Punch Man,FR,\N,imdbDisplay,\N,0
tt4508902,22,Ванпанчмен,UA,\N,imdbDisplay,\N,0
tt4508902,23,One-Punch Man,PL,\N,video,\N,0
tt4508902,24,One-Punch Man,ID,en,imdbDisplay,\N,0
tt4508902,25,One Punch Man: Wanpanman,GB,\N,imdbDisplay,\N,0
tt4508902,26,One Punch Man,PH,en,imdbDisplay,\N,0
tt4508902,27,One Punch Man,NL,\N,imdbDisplay,\N,0
tt4508902,28,One Punch Man: Wanpanman,CA,fr,imdbDisplay,\N,0
tt4508902,29,One-Punch Man,IT,\N,imdbDisplay,\N,0
tt4508902,2,One Punch Man,AU,\N,imdbDisplay,\N,0
tt4508902,30,Vieno smūgio žmogus,LT,\N,imdbDisplay,\N,0
tt4508902,3,Ванпанчмен,RU,\N,imdbDisplay,\N,0
tt4508902,4,ワンパンマン,JP,ja,imdbDisplay,\N,0
tt4508902,5,One Punch Man: Wanpanman,\N,\N,original,\N,1
tt4508902,6,One Punch Man,ES,\N,imdbDisplay,\N,0
tt4508902,7,One-Punch Man,DE,\N,imdbDisplay,\N,0
tt4508902,8,One Punch Man,XWW,en,imdbDisplay,\N,0
tt4508902,9,One-Punch Man,SG,en,imdbDisplay,\N,0
tt4831682,10,Little Witch Academia: The Enchanted Parade,PL,\N,video,\N,0
tt4831682,11,Little Witch Academia: The Enchanted Parade,GB,\N,imdbDisplay,\N,0
tt4831682,1,リトルウィッチアカデミア 魔法仕掛けのパレード,JP,ja,imdbDisplay,\N,0
tt4831682,2,Little Witch Academia: The Enchanted Parade,XWW,en,imdbDisplay,\N,0
tt4831682,3,Little Witch Academia: The Enchanted Parade,CA,en,imdbDisplay,\N,0
tt4831682,4,Little Witch Academia 2,JP,\N,working,\N,0
tt4831682,5,Академия ведьмочек: Колдовской парад,RU,\N,imdbDisplay,\N,0
tt4831682,6,Academia de Bruxinhas: A Parada Encantada,BR,\N,imdbDisplay,\N,0
tt4831682,7,Little Witch Academia: Mahoujihikake no Parade,JP,\N,\N,literal title,0
tt4831682,8,Ritoru wicchi akademia: Mahoujihikake no parêdo,\N,\N,original,\N,1
tt4831682,9,Little Witch Academia: The Enchanted Parade,US,\N,imdbDisplay,\N,0
tt5311514,10,Sinu nimi on...,EE,\N,imdbDisplay,\N,0
tt5311514,11,Nei dik mingzi.,HK,yue,imdbDisplay,\N,0
tt5311514,12,Senin Adın,TR,tr,imdbDisplay,\N,0
tt5311514,13,Your Name.,BR,\N,imdbDisplay,\N,0
tt5311514,14,君の名は。,JP,ja,imdbDisplay,\N,0
tt5311514,15,你的名字,TW,\N,imdbDisplay,\N,0
tt5311514,16,Your Name.,CL,\N,imdbDisplay,\N,0
tt5311514,17,Your Name.,FR,\N,imdbDisplay,\N,0
tt5311514,18,Your Name.,IT,\N,imdbDisplay,\N,0
tt5311514,19,Your Name.,MX,\N,imdbDisplay,\N,0
tt5311514,1,Ni de mingzi.,CN,cmn,\N,alternative spelling,0
tt5311514,20,Your Name.,PE,\N,imdbDisplay,\N,0
tt5311514,21,Tu Nombre,ES,es,alternative,\N,0
tt5311514,22,A neved,HU,\N,imdbDisplay,\N,0
tt5311514,23,Twoje imię,PL,\N,imdbDisplay,\N,0
tt5311514,24,Your Name,MY,en,imdbDisplay,\N,0
tt5311514,25,Your Name.,NZ,en,imdbDisplay,\N,0
tt5311514,26,Your Name.,AT,\N,imdbDisplay,\N,0
tt5311514,27,Nam-e To,IR,fa,\N,original subtitled version,0
tt5311514,28,Your Name.,US,\N,imdbDisplay,\N,0
tt5311514,29,Numele tău,RO,\N,imdbDisplay,\N,0
tt5311514,2,Your Name.,DK,\N,imdbDisplay,\N,0
tt5311514,30,Sening isming.,UZ,\N,imdbDisplay,\N,0
tt5311514,31,Your Name.,DE,\N,imdbDisplay,\N,0
tt5311514,32,Your Name.,FI,\N,imdbDisplay,\N,0
tt5311514,33,Kimi No Na Wa.,CA,en,imdbDisplay,\N,0
tt5311514,34,Your Name.,JP,en,imdbDisplay,\N,0
tt5311514,35,Your Name.,ES,\N,imdbDisplay,\N,0
tt5311514,36,Tên Cậu Là Gì?,VN,\N,imdbDisplay,\N,0
tt5311514,37,Your Name,IN,bn,imdbDisplay,\N,0
tt5311514,38,Your Name,GR,\N,imdbDisplay,\N,0
tt5311514,39,Твоето име,BG,bg,imdbDisplay,\N,0
tt5311514,3,Your Name.,NO,\N,imdbDisplay,\N,0
tt5311514,40,Kimi No Na Wa.,IN,en,imdbDisplay,\N,0
tt5311514,41,Твоє ім'я,UA,\N,imdbDisplay,\N,0
tt5311514,42,Tavo vardas,LT,\N,imdbDisplay,\N,0
tt5311514,43,Твоё имя,RU,\N,imdbDisplay,\N,0
tt5311514,44,Ni de mingzi.,SG,cmn,imdbDisplay,\N,0
tt5311514,45,Your Name.,PH,en,imdbDisplay,\N,0
tt5311514,46,Nei dik mingzi.,CN,yue,imdbDisplay,\N,0
tt5311514,47,Your Name.,GB,\N,imdbDisplay,\N,0
tt5311514,48,Your Name.,CA,en,imdbDisplay,\N,0
tt5311514,49,Ni de mingzi.,MY,cmn,imdbDisplay,\N,0
tt5311514,4,Kimi no na wa.,\N,\N,original,\N,1
tt5311514,50,Твоје име,RS,\N,imdbDisplay,\N,0
tt5311514,51,Your Name.,XWW,en,imdbDisplay,\N,0
tt5311514,52,Seu Nome.,BR,\N,\N,literal title,0
tt5311514,53,Ni de mingzi.,HK,cmn,imdbDisplay,\N,0
tt5311514,54,Teu nome,PT,\N,\N,informal title,0
tt5311514,55,Lapta Fan Thueng Chue Thoe,TH,th,imdbDisplay,\N,0
tt5311514,56,Your Name.,HK,en,imdbDisplay,\N,0
tt5311514,57,Kimi no na wa.,CA,fr,imdbDisplay,\N,0
tt5311514,58,Your Name.,SE,\N,imdbDisplay,\N,0
tt5311514,59,Your Name.,AR,\N,imdbDisplay,\N,0
tt5311514,5,Nama kamu.,ID,id,imdbDisplay,\N,0
tt5311514,60,Tu Nombre,CO,\N,imdbDisplay,\N,0
tt5311514,6,你的名字。,CN,cmn,imdbDisplay,\N,0
tt5311514,7,Your Name.,IN,hi,imdbDisplay,\N,0
tt5311514,8,Your Name.,AU,\N,imdbDisplay,\N,0
tt5311514,9,Neoui Ileum-eun.,KR,\N,imdbDisplay,\N,0
tt5323662,10,Koe no katachi,TR,tr,imdbDisplay,\N,0
tt5323662,11,A Silent Voice,DE,de,imdbDisplay,\N,0
tt5323662,12,A Silent Voice,JP,en,\N,informal short title,0
tt5323662,13,La forma della voce,IT,\N,\N,poster title,0
tt5323662,14,A Silent Voice: The Movie,XWW,en,\N,promotional title,0
tt5323662,15,"Una Voz Silenciosa, La Película",AR,es,imdbDisplay,\N,0
tt5323662,16,聲の形,JP,ja,\N,short title,0
tt5323662,17,A Silent Voice: The Movie,SG,en,\N,poster title,0
tt5323662,18,Dáng Hình Thanh Âm,VN,\N,imdbDisplay,\N,0
tt5323662,19,A Silent Voice: The Movie,US,\N,\N,copyright title,0
tt5323662,1,The Shape of Voice,NZ,en,imdbDisplay,\N,0
tt5323662,20,Sing zi jing,CN,yue,imdbDisplay,\N,0
tt5323662,21,A Silent Voice,AU,en,imdbDisplay,\N,0
tt5323662,22,Koe no katachi,IT,\N,\N,promotional title,0
tt5323662,23,A Silent Voice,SE,\N,imdbDisplay,\N,0
tt5323662,24,Una voz silenciosa: La película,PE,\N,imdbDisplay,\N,0
tt5323662,25,A Silent Voice: The Movie,JP,en,\N,copyright title,0
tt5323662,26,A Silent Voice,MY,en,imdbDisplay,\N,0
tt5323662,27,Sheng zhi xing,HK,cmn,imdbDisplay,\N,0
tt5323662,28,The Shape of Voice,XWW,en,\N,literal English title,0
tt5323662,29,A Silent Voice,HK,en,\N,poster title,0
tt5323662,2,A Silent Voice - The Movie,DE,\N,\N,promotional title,0
tt5323662,30,The Shape of Voice,JP,\N,imdbDisplay,\N,0
tt5323662,31,Dáng hình thanh âm,VN,\N,\N,poster title,0
tt5323662,32,A Silent Voice,\N,\N,\N,promotional abbreviation,0
tt5323662,33,Sing zi jing,HK,yue,imdbDisplay,\N,0
tt5323662,34,A Silent Voice: The Movie,GB,\N,\N,poster title,0
tt5323662,35,A Silent Voice,NO,\N,\N,promotional title,0
tt5323662,36,A Silent Voice: The Movie,TH,en,\N,poster title,0
tt5323662,37,Форма голосу,UA,\N,imdbDisplay,\N,0
tt5323662,38,The Shape of Voice,JP,en,imdbDisplay,\N,0
tt5323662,39,A Silent Voice,IE,en,\N,informal short title,0
tt5323662,3,Koe no katachi,CA,fr,imdbDisplay,\N,0
tt5323662,40,Форма голоса,RU,\N,imdbDisplay,\N,0
tt5323662,41,A Silent Voice: The Movie,CA,en,\N,new title,0
tt5323662,42,A Silent Voice,SG,en,\N,informal short title,0
tt5323662,43,Sheng zhi xing,CN,cmn,\N,alternative spelling,0
tt5323662,44,A Silent Voice,XWW,en,imdbDisplay,\N,0
tt5323662,45,Una Voz Silenciosa,CL,es,imdbDisplay,\N,0
tt5323662,46,映画　聲の形,JP,ja,alternative,\N,0
tt5323662,47,A Silent Voice,AU,\N,\N,informal short title,0
tt5323662,48,A Silent Voice,NZ,en,\N,informal short title,0
tt5323662,49,The Shape of Voice,IE,en,imdbDisplay,\N,0
tt5323662,4,La forma della voce,IT,it,imdbDisplay,\N,0
tt5323662,50,الحزن الصامت,AE,\N,\N,\N,0
tt5323662,51,電影版聲之形,TW,\N,imdbDisplay,\N,0
tt5323662,52,The Shape of Voice,CA,en,imdbDisplay,\N,0
tt5323662,53,The Shape of Voice,XAS,en,imdbDisplay,\N,0
tt5323662,54,The Shape of Voice,HK,en,imdbDisplay,\N,0
tt5323662,55,A Silent Voice,ID,en,\N,informal short title,0
tt5323662,56,Eiga Koe No Katachi,IN,en,imdbDisplay,\N,0
tt5323662,57,Тих глас,BG,bg,imdbDisplay,\N,0
tt5323662,58,Una voz silenciosa,XSA,es,\N,trailer title,0
tt5323662,59,A Silent Voice,US,\N,\N,informal short title,0
tt5323662,5,Moksoriui hyeongtae,KR,\N,imdbDisplay,\N,0
tt5323662,60,Una voz silenciosa: Koe No Katachi,MX,\N,imdbDisplay,\N,0
tt5323662,61,A Silent Voice,PH,en,imdbDisplay,\N,0
tt5323662,62,Uma Voz Silenciosa,PT,\N,\N,promotional title,0
tt5323662,63,Nečujni glas,RS,\N,imdbDisplay,\N,0
tt5323662,64,Silent Voice,FR,\N,imdbDisplay,\N,0
tt5323662,65,A Silent Voice,TH,en,\N,informal short title,0
tt5323662,66,映画 聲の形,JP,ja,imdbDisplay,\N,0
tt5323662,67,A Silent Voice: The Movie,IN,hi,imdbDisplay,\N,0
tt5323662,68,Koe no katachi,JP,\N,\N,short title,0
tt5323662,69,A Voz do Silêncio,BR,\N,imdbDisplay,\N,0
tt5323662,6,A Silent Voice,GB,\N,\N,informal short title,0
tt5323662,70,Eiga Koe no katachi,JP,\N,imdbDisplay,\N,0
tt5323662,71,A Silent Voice,ES,\N,imdbDisplay,\N,0
tt5323662,72,Bunyi Sunyi,ID,id,imdbDisplay,\N,0
tt5323662,73,A Silent Voice: The Movie,AU,\N,\N,trailer title,0
tt5323662,74,Eiga Koe no katachi,JP,ja,\N,complete title,0
tt5323662,75,A Silent Voice - The Movie,AT,\N,\N,promotional title,0
tt5323662,76,A Form of Voice,XWW,en,\N,informal literal English title,0
tt5323662,77,The Shape of Voice,FR,\N,festival,\N,0
tt5323662,78,Koe No Katachi: Una voz silenciosa,CO,\N,imdbDisplay,\N,0
tt5323662,79,Ovoz shakli,UZ,\N,imdbDisplay,\N,0
tt5323662,7,Koe no katachi,\N,\N,original,\N,1
tt5323662,80,Una voz silenciosa: La película,XSA,es,\N,poster title,0
tt5323662,81,Dianyingban Sheng zhi xing,TW,\N,\N,complete title,0
tt5323662,8,The Shape of Voice,SG,en,imdbDisplay,\N,0
tt5323662,9,声之形,CN,cmn,imdbDisplay,\N,0
tt5959952,1,Mission Control: The Unsung Heroes of Apollo,US,\N,imdbDisplay,\N,0
tt5959952,2,Centrum kontroli lotów: nieznani bohaterowie misji Apollo,PL,\N,imdbDisplay,\N,0
tt5959952,3,Mission Control: The Unsung Heroes of Apollo,\N,\N,original,\N,1
tt5959952,4,A holdraszállás elfeledett hősei,HU,\N,imdbDisplay,\N,0
tt5959952,5,Mission Control: gli eroi sconosciuti dell'Apollo,IT,\N,imdbDisplay,\N,0
tt5959952,6,Houston kalder - Apollos ukendte helte,DK,\N,tv,\N,0
tt5959952,7,Mission Control: The Unsung Heroes of Apollo,GB,\N,imdbDisplay,\N,0
tt5959952,8,NASA:s okända hjältar,SE,\N,imdbDisplay,\N,0
tt6074794,10,March Comes in Like a Lion,GB,\N,imdbDisplay,\N,0
tt6074794,11,Sangatsu no Lion,JP,\N,\N,\N,0
tt6074794,12,March Comes in Like a Lion,US,\N,imdbDisplay,\N,0
tt6074794,13,Sangatsu No Lion,ID,en,imdbDisplay,\N,0
tt6074794,14,El León de Marzo,ES,\N,alternative,\N,0
tt6074794,15,Sangatsu no Lion,\N,\N,original,\N,1
tt6074794,16,Sangatsu no Lion,IT,\N,imdbDisplay,\N,0
tt6074794,17,Sangatsu no Lion,MX,\N,imdbDisplay,\N,0
tt6074794,18,Sangatsu no Lion,BR,\N,imdbDisplay,\N,0
tt6074794,19,三月的獅子,TW,\N,imdbDisplay,\N,0
tt6074794,1,March Comes in Like a Lion,FR,\N,imdbDisplay,\N,0
tt6074794,20,March Comes in Like a Lion,XWW,en,imdbDisplay,\N,0
tt6074794,2,Мартовский лев,RU,\N,imdbDisplay,\N,0
tt6074794,3,March Comes in Like a Lion,CA,en,imdbDisplay,\N,0
tt6074794,4,Sangatsu no Lion,DE,\N,imdbDisplay,\N,0
tt6074794,5,Березневий лев,UA,\N,imdbDisplay,\N,0
tt6074794,6,March Comes in Like a Lion,AE,\N,imdbDisplay,\N,0
tt6074794,7,3 Gatsu no Lion,JP,\N,alternative,\N,0
tt6074794,8,Sangatsu No Lion,IN,en,imdbDisplay,\N,0
tt6074794,9,March Comes in Like a Lion,PH,en,imdbDisplay,\N,0
tt6317962,10,Fireworks,XWW,en,\N,short title,0
tt6317962,11,Fireworks - Alles eine Frage der Zeit,DE,\N,\N,DVD box title,0
tt6317962,12,"Fireworks, Should We See It from the Side or the Bottom?",MY,en,imdbDisplay,\N,0
tt6317962,13,"Ssoaollin bulkkoch, mit-eseo bolkka? Yeop-eseo bolkka?",KR,\N,imdbDisplay,\N,0
tt6317962,14,煙花,TW,\N,imdbDisplay,\N,0
tt6317962,15,Fireworks,GB,\N,imdbDisplay,\N,0
tt6317962,16,Luces en el cielo,AR,\N,imdbDisplay,\N,0
tt6317962,17,Fireworks,BR,\N,\N,trailer title,0
tt6317962,18,Luces en el cielo,XSA,es,imdbDisplay,\N,0
tt6317962,19,Luces en el cielo,MX,\N,imdbDisplay,\N,0
tt6317962,1,Yanhua,CN,cmn,imdbDisplay,\N,0
tt6317962,20,Как смотреть фейерверк,RU,\N,imdbDisplay,\N,0
tt6317962,21,Fireworks,NZ,en,\N,promotional abbreviation,0
tt6317962,22,Fireworks,AT,\N,imdbDisplay,\N,0
tt6317962,23,打ち上げ花火、下から見るか？横から見るか？,JP,ja,imdbDisplay,\N,0
tt6317962,24,Luzes no Céu: Fireworks,BR,\N,imdbDisplay,\N,0
tt6317962,25,Fireworks - Vanno visti di lato o dal basso?,IT,\N,alternative,\N,0
tt6317962,26,Fireworks,IT,\N,imdbDisplay,\N,0
tt6317962,27,"Fireworks, Should We See It from the Side or the Bottom?",JP,en,imdbDisplay,\N,0
tt6317962,28,"Fireworks, Should We See It from the Side or the Bottom?",ES,\N,festival,\N,0
tt6317962,29,烟花,CN,cmn,imdbDisplay,\N,0
tt6317962,2,"Uchiage hanabi, shita kara miru ka? Yoko kara miru ka?",\N,\N,original,\N,1
tt6317962,30,Fireworks,PH,en,alternative,\N,0
tt6317962,31,"Fireworks, Should We See It from the Side or The Bottom? (2017)",PH,en,imdbDisplay,\N,0
tt6317962,32,"Skyrockets, Watch from Below? Watch from the Side?",JP,\N,\N,informal literal English title,0
tt6317962,33,Fireworks,US,\N,\N,promotional abbreviation,0
tt6317962,34,Luces en el cielo,PE,\N,imdbDisplay,\N,0
tt6317962,35,Fireworks,FR,fr,imdbDisplay,\N,0
tt6317962,36,"Pháo Hoa, Nên Ngắm Từ Dưới Hay Bên Cạnh?",VN,\N,imdbDisplay,\N,0
tt6317962,37,"Uchiage hanabi, shita ka ra miruka? yoko ka ra miruka?",\N,\N,\N,\N,0
tt6317962,38,Fireworks,AU,\N,\N,promotional abbreviation,0
tt6317962,39,"Fireworks, Should We See It from the Side or the Bottom?",SG,en,imdbDisplay,\N,0
tt6317962,3,Fireworks,CA,en,imdbDisplay,\N,0
tt6317962,40,"Uchiage hanabi, shita kara miru ka? Yoko kara miru ka?",JP,\N,alternative,\N,0
tt6317962,41,Fireworks,ES,\N,imdbDisplay,\N,0
tt6317962,42,Jinfaa,CN,yue,imdbDisplay,\N,0
tt6317962,43,Yanhua,TW,\N,imdbDisplay,\N,0
tt6317962,44,"Jinfaa, jinggoi wo seoi hon",HK,yue,imdbDisplay,\N,0
tt6317962,4,"Fireworks, Should We See It from the Side or the Bottom?",HK,en,imdbDisplay,\N,0
tt6317962,5,"Fireworks, Should We See It from the Side or The Bottom?",XWW,en,imdbDisplay,\N,0
tt6317962,6,Vatromet,HR,\N,imdbDisplay,\N,0
tt6317962,7,Fireworks,IE,en,\N,promotional abbreviation,0
tt6317962,8,"Fireworks, Should We See It from the Side Or the Bottom?",ID,en,imdbDisplay,\N,0
tt6317962,9,"Yanhua, yinggai he shui kan",HK,cmn,imdbDisplay,\N,0
tt6352180,10,リトル ウィッチ アカデミア,JP,ja,imdbDisplay,\N,0
tt6352180,11,Little Witch Academia,CA,en,imdbDisplay,\N,0
tt6352180,12,Academia das Pequenas Bruxas,PT,\N,imdbDisplay,\N,0
tt6352180,13,Little Witch Academia,BR,\N,imdbDisplay,\N,0
tt6352180,14,Little Witch Academia,IT,\N,imdbDisplay,\N,0
tt6352180,15,Little Witch Academia,MX,\N,imdbDisplay,\N,0
tt6352180,16,Little Witch Academia,\N,\N,original,\N,1
tt6352180,17,L'école des petites sorcières,FR,\N,imdbDisplay,\N,0
tt6352180,18,Little Witch Academia,IN,en,imdbDisplay,\N,0
tt6352180,1,Little Witch Academia,IN,hi,imdbDisplay,\N,0
tt6352180,2,Академия ведьмочек,RU,\N,imdbDisplay,\N,0
tt6352180,3,Học Viện Phù Thủy Nhỏ,VN,\N,imdbDisplay,\N,0
tt6352180,4,Little Witch Academia,PH,en,imdbDisplay,\N,0
tt6352180,5,Академія юних відьом,UA,\N,imdbDisplay,\N,0
tt6352180,6,Little Witch Academia,DE,\N,imdbDisplay,\N,0
tt6352180,7,Little Witch Academia,PL,\N,video,\N,0
tt6352180,8,Küçük Cadı Akademisi,TR,tr,imdbDisplay,\N,0
tt6352180,9,Little Witch Academia,US,\N,imdbDisplay,\N,0
tt7521400,1,The Search for Life in Space,US,\N,imdbDisplay,\N,0
tt7521400,2,The Search for Life in Space,\N,\N,original,\N,1
tt7808344,10,Karakai Jouzu no Takagi-san,US,\N,imdbDisplay,\N,0
tt7808344,11,Teasing Master Takagi-san,GB,\N,imdbDisplay,\N,0
tt7808344,12,Teasing Master Takagi-san,XWW,en,imdbDisplay,\N,0
tt7808344,13,Skilled Teaser Takagi-san,XWW,en,alternative,\N,0
tt7808344,1,Takagi-san: Ang Ekspertong Mambibiro,PH,tl,imdbDisplay,\N,0
tt7808344,2,Озорная Такаги,RU,\N,imdbDisplay,\N,0
tt7808344,3,"Nicht schon wieder, Takagi-san",DE,\N,alternative,\N,0
tt7808344,4,Karakai Jouzu no Takagi-san,\N,\N,original,\N,1
tt7808344,5,"Nhất Quỷ Nhì Ma, Thứ Ba Takagi",VN,\N,imdbDisplay,\N,0
tt7808344,6,Провокаторка Такаґі,UA,\N,imdbDisplay,\N,0
tt7808344,7,Skilled Teaser Takagi-san,PH,en,imdbDisplay,\N,0
tt7808344,8,からかい上手の高木さん,JP,ja,imdbDisplay,\N,0
tt7808344,9,Teasing Master Takagi-san,PL,\N,video,\N,0
tt8176578,10,Si shi qing chun,CN,\N,\N,\N,0
tt8176578,11,Flavors of Youth,ES,\N,imdbDisplay,\N,0
tt8176578,12,Аромати юності,UA,\N,imdbDisplay,\N,0
tt8176578,13,Flavors of Youth,FR,\N,imdbDisplay,\N,0
tt8176578,14,Flavors of Youth,IN,en,imdbDisplay,\N,0
tt8176578,15,Shiki Oriori: Sabores de la juventud,AR,\N,imdbDisplay,\N,0
tt8176578,16,Flavors of Youth,XWW,en,imdbDisplay,\N,0
tt8176578,17,O Sabor da Juventude,BR,\N,imdbDisplay,\N,0
tt8176578,18,Flavors of Youth,DK,\N,imdbDisplay,\N,0
tt8176578,19,Flavors of Youth,DE,\N,imdbDisplay,\N,0
tt8176578,1,詩季織々,JP,ja,imdbDisplay,\N,0
tt8176578,20,Flavors of Youth,NO,\N,imdbDisplay,\N,0
tt8176578,2,Вкусы молодости,RU,\N,imdbDisplay,\N,0
tt8176578,3,Flavors of Youth,US,\N,imdbDisplay,\N,0
tt8176578,4,Flavors of Youth,PL,\N,video,\N,0
tt8176578,5,Οι Γεύσεις της Νιότης,GR,\N,imdbDisplay,\N,0
tt8176578,6,Flavors of Youth,GB,\N,imdbDisplay,\N,0
tt8176578,7,Flavors of Youth,AU,\N,imdbDisplay,\N,0
tt8176578,8,Shikioriori,JP,\N,imdbDisplay,\N,0
tt8176578,9,Si shi qing chun,\N,\N,original,\N,1
tt8753660,10,Ghost Killers vs. Bloody Mary,US,\N,imdbDisplay,\N,0
tt8753660,1,Os Exterminadores do Alem Contra a Loira do Banheiro,BR,\N,imdbDisplay,\N,0
tt8753660,2,Ghost Killers vs. Bloody Mary,NO,\N,imdbDisplay,\N,0
tt8753660,3,Exterminadores do Além Contra a Loira do Banheiro,\N,\N,original,\N,1
tt8753660,4,Призрачные убийцы против Кровавой Мэри,RU,\N,imdbDisplay,\N,0
tt8753660,5,Ghost Killers vs. Bloody Mary,AU,\N,imdbDisplay,\N,0
tt8753660,6,Exterminadores do Além Contra a Loira do Banheiro,CA,en,imdbDisplay,\N,0
tt8753660,7,Ghost Killers vs. Bloody Mary,IT,\N,imdbDisplay,\N,0
tt8753660,8,Ghost Killers vs. Bloody Mary,GB,\N,imdbDisplay,\N,0
tt8753660,9,Ghost Killers vs. Bloody Mary,FR,\N,\N,new title,0
tt9103932,10,2. Verdenskrigs største begivenheder i farver,DK,\N,imdbDisplay,\N,0
tt9103932,11,Greatest Events of WWII in Colour,AU,\N,imdbDisplay,\N,0
tt9103932,12,Важнейшие события Второй мировой войны в цвете,RU,\N,imdbDisplay,\N,0
tt9103932,13,Greatest Events of WWII in Colour,IN,en,imdbDisplay,\N,0
tt9103932,14,Greatest Events of WWII in Colour,\N,\N,original,\N,1
tt9103932,15,Grandes momentos da Segunda Guerra em cores,BR,\N,imdbDisplay,\N,0
tt9103932,16,Andra världskrigets största händelser i färg,SE,\N,imdbDisplay,\N,0
tt9103932,1,Greatest Events of WWII in Colour,CA,en,imdbDisplay,\N,0
tt9103932,2,Greatest Events of WWII in Colour,CA,fr,imdbDisplay,\N,0
tt9103932,3,II Guerra Mundial: Momentos clave,ES,\N,imdbDisplay,\N,0
tt9103932,4,Greatest Events of WWII in Colour,US,\N,imdbDisplay,\N,0
tt9103932,5,II. Dünya Savasi'nin En Müthis Olaylari,TR,tr,imdbDisplay,\N,0
tt9103932,6,Greatest Events of WWII in Colour,GB,\N,imdbDisplay,\N,0
tt9103932,7,Greatest Events of World War II in Colour,GB,\N,\N,alternative spelling,0
tt9103932,8,Wendepunkte des Zweiten Weltkriegs,DE,\N,imdbDisplay,\N,0
tt9103932,9,De viktigste begivenhetene i andre verdenskrig i farger,NO,\N,imdbDisplay,\N,0
